-- phpMyAdmin SQL Dump
-- version 5.2.0
-- https://www.phpmyadmin.net/
--
-- Host: localhost
-- Generation Time: Nov 30, 2022 at 08:59 PM
-- Server version: 10.4.21-MariaDB
-- PHP Version: 8.1.6

SET SQL_MODE = "NO_AUTO_VALUE_ON_ZERO";
START TRANSACTION;
SET time_zone = "+00:00";


/*!40101 SET @OLD_CHARACTER_SET_CLIENT=@@CHARACTER_SET_CLIENT */;
/*!40101 SET @OLD_CHARACTER_SET_RESULTS=@@CHARACTER_SET_RESULTS */;
/*!40101 SET @OLD_COLLATION_CONNECTION=@@COLLATION_CONNECTION */;
/*!40101 SET NAMES utf8mb4 */;

--
-- Database: `mellodian`
--

-- --------------------------------------------------------

--
-- Table structure for table `admins`
--

CREATE TABLE `admins` (
  `id` bigint(20) UNSIGNED NOT NULL,
  `firstname` varchar(100) COLLATE utf8mb4_unicode_ci NOT NULL,
  `lastname` varchar(100) COLLATE utf8mb4_unicode_ci NOT NULL,
  `email` varchar(100) COLLATE utf8mb4_unicode_ci NOT NULL,
  `password` varchar(255) COLLATE utf8mb4_unicode_ci NOT NULL,
  `created_at` timestamp NULL DEFAULT NULL,
  `updated_at` timestamp NULL DEFAULT NULL
) ENGINE=InnoDB DEFAULT CHARSET=utf8mb4 COLLATE=utf8mb4_unicode_ci;

--
-- Dumping data for table `admins`
--

INSERT INTO `admins` (`id`, `firstname`, `lastname`, `email`, `password`, `created_at`, `updated_at`) VALUES
(1, 'Tom', 'Smith', 'tom@gmail.com', '$2y$10$J.k.ywKRu.ZuQI787wztnOxtC/MrwZZOYOfm0A.FlLlbyUZuJ4thW', '2022-11-27 21:25:04', '2022-11-27 21:25:04'),
(2, 'Jennifer', 'Schloss', 'JenniferASchloss@teleworm.us', '$2y$10$IqgR.ANJlyEmyrfrps3k3eIhqHnfd7yce0GC9Te/wOgLcGYFW9/lG', '2022-11-28 23:19:13', '2022-11-28 23:19:13');

-- --------------------------------------------------------

--
-- Table structure for table `events`
--

CREATE TABLE `events` (
  `id` bigint(20) UNSIGNED NOT NULL,
  `event_title` varchar(100) COLLATE utf8mb4_unicode_ci NOT NULL,
  `event_description` text COLLATE utf8mb4_unicode_ci NOT NULL,
  `event_date` date NOT NULL,
  `start_time` time NOT NULL,
  `end_time` time NOT NULL,
  `adult_supervision` char(1) COLLATE utf8mb4_unicode_ci NOT NULL
) ENGINE=InnoDB DEFAULT CHARSET=utf8mb4 COLLATE=utf8mb4_unicode_ci;

--
-- Dumping data for table `events`
--

INSERT INTO `events` (`id`, `event_title`, `event_description`, `event_date`, `start_time`, `end_time`, `adult_supervision`) VALUES
(1, 'Colossus', '<p>The world’s first ten-loop roller coaster Experience TEN exhilarating inversions, including a vertical loop, cobra roll, double corkscrew and the UK’s only quadruple barrel roll! Colossus proudly stands amongst the top ten roller coasters with the most inversions, worldwide! At 98 ft in the air, the iconic steel track stands like the Colossus of Rhodes - a powerful wonder of the theme park world! Fly high and low through Thorpe Park’s Lost City, close enough to wave to visitors on the path, before you dive into an underground trench. Brace yourself: there are surprises hidden around every curved corner on Colossus!</p>', '2022-12-18', '14:00:00', '17:00:00', 'Y'),
(2, 'Nemesis Inferno', '<p>Burst through the fiery pit at the heart of a steaming volcano. Nemesis Inferno takes an iconic thrill ride and turns up the heat… With your legs hanging freely below you on this inverted coaster, try not to let your feet get burnt!</p>', '2022-12-19', '15:00:00', '19:00:00', 'Y'),
(3, 'Sweeney', '<p>This relaxing children\'s rollercoaster ride is in a train design, and is covered with beautiful circus-themed imagery. Kids love riding this train rollercoaster - climb aboard the carriage and ride around the train track!</p><p>You\'ll love the fun and entertainment that this children\'s fairground attraction offers. Kids love the design and appearance of our children\'s rollercoaster ride, the dips and hills, and the enjoyment they have travelling around on it. The funky circus train carriages are sure to attract the younger attendees at your event.</p><p>When you hire a fairground ride from Nationwide Amusements, you know you\'re with a company that does everything it can to make your event run perfectly. This train rollercoaster ride is maintained continually, with its mechanics and its visual appearance continually inspected so we can ensure it remains as good as new.</p><p>&nbsp;</p>', '2022-12-20', '14:30:00', '16:00:00', 'N'),
(4, 'Rumba Rapids', '<p>Enjoy a ride down the Island\'s rapid river!&nbsp;</p><p>Minimum of 1.1m, riders between 1.1m and 1.3m must be accompanied by an adult aged 16+. In addition, each boat must have an accompanying adult aged 18+.</p>', '2022-12-27', '13:00:00', '14:00:00', 'Y');

-- --------------------------------------------------------

--
-- Table structure for table `event_sales`
--

CREATE TABLE `event_sales` (
  `event_id` bigint(20) UNSIGNED NOT NULL,
  `user_id` bigint(20) UNSIGNED NOT NULL,
  `sales_date` date NOT NULL DEFAULT '2022-11-27'
) ENGINE=InnoDB DEFAULT CHARSET=utf8mb4 COLLATE=utf8mb4_unicode_ci;

--
-- Dumping data for table `event_sales`
--

INSERT INTO `event_sales` (`event_id`, `user_id`, `sales_date`) VALUES
(1, 1, '2022-11-27'),
(4, 9, '2022-11-30');

-- --------------------------------------------------------

--
-- Table structure for table `event_seats`
--

CREATE TABLE `event_seats` (
  `event_id` bigint(20) UNSIGNED NOT NULL,
  `user_id` bigint(20) UNSIGNED NOT NULL,
  `seat_id` bigint(20) UNSIGNED NOT NULL,
  `quantity` int(11) NOT NULL
) ENGINE=InnoDB DEFAULT CHARSET=utf8mb4 COLLATE=utf8mb4_unicode_ci;

--
-- Dumping data for table `event_seats`
--

INSERT INTO `event_seats` (`event_id`, `user_id`, `seat_id`, `quantity`) VALUES
(1, 1, 1, 2),
(1, 1, 2, 3),
(4, 9, 1, 2),
(4, 9, 2, 1);

-- --------------------------------------------------------

--
-- Table structure for table `event_tickets`
--

CREATE TABLE `event_tickets` (
  `event_id` bigint(20) UNSIGNED NOT NULL,
  `user_id` bigint(20) UNSIGNED NOT NULL,
  `ticket_id` bigint(20) UNSIGNED NOT NULL,
  `quantity` int(11) NOT NULL
) ENGINE=InnoDB DEFAULT CHARSET=utf8mb4 COLLATE=utf8mb4_unicode_ci;

--
-- Dumping data for table `event_tickets`
--

INSERT INTO `event_tickets` (`event_id`, `user_id`, `ticket_id`, `quantity`) VALUES
(1, 1, 1, 4),
(1, 1, 2, 1),
(4, 9, 1, 2),
(4, 9, 2, 1);

-- --------------------------------------------------------

--
-- Table structure for table `failed_jobs`
--

CREATE TABLE `failed_jobs` (
  `id` bigint(20) UNSIGNED NOT NULL,
  `uuid` varchar(255) COLLATE utf8mb4_unicode_ci NOT NULL,
  `connection` text COLLATE utf8mb4_unicode_ci NOT NULL,
  `queue` text COLLATE utf8mb4_unicode_ci NOT NULL,
  `payload` longtext COLLATE utf8mb4_unicode_ci NOT NULL,
  `exception` longtext COLLATE utf8mb4_unicode_ci NOT NULL,
  `failed_at` timestamp NOT NULL DEFAULT current_timestamp()
) ENGINE=InnoDB DEFAULT CHARSET=utf8mb4 COLLATE=utf8mb4_unicode_ci;

-- --------------------------------------------------------

--
-- Table structure for table `migrations`
--

CREATE TABLE `migrations` (
  `id` int(10) UNSIGNED NOT NULL,
  `migration` varchar(255) COLLATE utf8mb4_unicode_ci NOT NULL,
  `batch` int(11) NOT NULL
) ENGINE=InnoDB DEFAULT CHARSET=utf8mb4 COLLATE=utf8mb4_unicode_ci;

--
-- Dumping data for table `migrations`
--

INSERT INTO `migrations` (`id`, `migration`, `batch`) VALUES
(1, '2014_10_11_000000_create_salutations_table', 1),
(2, '2014_10_12_000000_create_users_table', 1),
(3, '2014_10_12_100000_create_password_resets_table', 1),
(4, '2019_08_19_000000_create_failed_jobs_table', 1),
(5, '2019_12_14_000001_create_personal_access_tokens_table', 1),
(6, '2022_11_19_190112_create_admins_table', 1),
(7, '2022_11_20_114801_create_seats_table', 1),
(8, '2022_11_20_115434_create_events_table', 1),
(9, '2022_11_25_005848_create_event_sales_table', 1),
(10, '2022_11_25_021951_create_tickets_table', 1),
(11, '2022_11_25_025018_create_event_tickets_table', 1),
(12, '2022_11_25_191835_create_event_seats_table', 1);

-- --------------------------------------------------------

--
-- Table structure for table `password_resets`
--

CREATE TABLE `password_resets` (
  `email` varchar(255) COLLATE utf8mb4_unicode_ci NOT NULL,
  `token` varchar(255) COLLATE utf8mb4_unicode_ci NOT NULL,
  `created_at` timestamp NULL DEFAULT NULL
) ENGINE=InnoDB DEFAULT CHARSET=utf8mb4 COLLATE=utf8mb4_unicode_ci;

-- --------------------------------------------------------

--
-- Table structure for table `personal_access_tokens`
--

CREATE TABLE `personal_access_tokens` (
  `id` bigint(20) UNSIGNED NOT NULL,
  `tokenable_type` varchar(255) COLLATE utf8mb4_unicode_ci NOT NULL,
  `tokenable_id` bigint(20) UNSIGNED NOT NULL,
  `name` varchar(255) COLLATE utf8mb4_unicode_ci NOT NULL,
  `token` varchar(64) COLLATE utf8mb4_unicode_ci NOT NULL,
  `abilities` text COLLATE utf8mb4_unicode_ci DEFAULT NULL,
  `last_used_at` timestamp NULL DEFAULT NULL,
  `created_at` timestamp NULL DEFAULT NULL,
  `updated_at` timestamp NULL DEFAULT NULL
) ENGINE=InnoDB DEFAULT CHARSET=utf8mb4 COLLATE=utf8mb4_unicode_ci;

-- --------------------------------------------------------

--
-- Table structure for table `salutations`
--

CREATE TABLE `salutations` (
  `id` bigint(20) UNSIGNED NOT NULL,
  `title` varchar(10) COLLATE utf8mb4_unicode_ci NOT NULL,
  `created_at` timestamp NULL DEFAULT NULL,
  `updated_at` timestamp NULL DEFAULT NULL
) ENGINE=InnoDB DEFAULT CHARSET=utf8mb4 COLLATE=utf8mb4_unicode_ci;

--
-- Dumping data for table `salutations`
--

INSERT INTO `salutations` (`id`, `title`, `created_at`, `updated_at`) VALUES
(1, 'Mr', '2022-11-27 21:25:04', '2022-11-27 21:25:04'),
(2, 'Mrs', '2022-11-27 21:25:04', '2022-11-27 21:25:04'),
(3, 'Miss', '2022-11-27 21:25:04', '2022-11-27 21:25:04');

-- --------------------------------------------------------

--
-- Table structure for table `seats`
--

CREATE TABLE `seats` (
  `id` bigint(20) UNSIGNED NOT NULL,
  `seat_type` varchar(50) COLLATE utf8mb4_unicode_ci NOT NULL,
  `created_at` timestamp NULL DEFAULT NULL,
  `updated_at` timestamp NULL DEFAULT NULL
) ENGINE=InnoDB DEFAULT CHARSET=utf8mb4 COLLATE=utf8mb4_unicode_ci;

--
-- Dumping data for table `seats`
--

INSERT INTO `seats` (`id`, `seat_type`, `created_at`, `updated_at`) VALUES
(1, 'Seats with table', '2022-11-27 21:25:04', '2022-11-27 21:25:04'),
(2, 'Seats without table', '2022-11-27 21:25:04', '2022-11-27 21:25:04');

-- --------------------------------------------------------

--
-- Table structure for table `tickets`
--

CREATE TABLE `tickets` (
  `id` bigint(20) UNSIGNED NOT NULL,
  `type` varchar(30) COLLATE utf8mb4_unicode_ci NOT NULL,
  `price` double(5,2) NOT NULL
) ENGINE=InnoDB DEFAULT CHARSET=utf8mb4 COLLATE=utf8mb4_unicode_ci;

--
-- Dumping data for table `tickets`
--

INSERT INTO `tickets` (`id`, `type`, `price`) VALUES
(1, 'Adult', 20.00),
(2, 'Child', 10.00);

-- --------------------------------------------------------

--
-- Table structure for table `users`
--

CREATE TABLE `users` (
  `id` bigint(20) UNSIGNED NOT NULL,
  `salutation_id` bigint(20) UNSIGNED NOT NULL,
  `firstname` varchar(100) COLLATE utf8mb4_unicode_ci NOT NULL,
  `lastname` varchar(100) COLLATE utf8mb4_unicode_ci NOT NULL,
  `email` varchar(255) COLLATE utf8mb4_unicode_ci NOT NULL,
  `password` varchar(255) COLLATE utf8mb4_unicode_ci NOT NULL,
  `phone` varchar(11) COLLATE utf8mb4_unicode_ci NOT NULL,
  `passport_image` longblob DEFAULT NULL,
  `house_number` varchar(11) COLLATE utf8mb4_unicode_ci NOT NULL,
  `street` varchar(50) COLLATE utf8mb4_unicode_ci NOT NULL,
  `city` varchar(30) COLLATE utf8mb4_unicode_ci NOT NULL,
  `postcode` varchar(10) COLLATE utf8mb4_unicode_ci NOT NULL,
  `email_verified_at` timestamp NULL DEFAULT NULL,
  `remember_token` varchar(100) COLLATE utf8mb4_unicode_ci DEFAULT NULL,
  `created_at` timestamp NULL DEFAULT NULL,
  `updated_at` timestamp NULL DEFAULT NULL
) ENGINE=InnoDB DEFAULT CHARSET=utf8mb4 COLLATE=utf8mb4_unicode_ci;

--
-- Dumping data for table `users`
--

INSERT INTO `users` (`id`, `salutation_id`, `firstname`, `lastname`, `email`, `password`, `phone`, `passport_image`, `house_number`, `street`, `city`, `postcode`, `email_verified_at`, `remember_token`, `created_at`, `updated_at`) VALUES
(1, 2, 'Lorraine', 'Webb', 'LorraineEWebb@rhyta.com', '$2y$10$PupWiMZHx3UHOUljzrxSDeRGX/P0c2FaDRYGLCviGT8Dm50rVCf4S', '06129200524', NULL, '3816', 'Rocket Drive', 'Minneapolis', 'MN 55410', NULL, NULL, NULL, NULL),
(3, 1, 'Jack', 'Smith', 'idiothasan@gmail.com', '$2y$10$J4z2s8/gObu5S289uKBD4.2P5Tv4IUy3lrxlc3FuFsvwCfi4s9sY2', '02039293892', 0xffd8ffe000104a46494600010101004800480000ffdb0043000503040404030504040405050506070c08070707070f0b0b090c110f1212110f111113161c1713141a1511111821181a1d1d1f1f1f13172224221e241c1e1f1effdb0043010505050706070e08080e1e1411141e1e1e1e1e1e1e1e1e1e1e1e1e1e1e1e1e1e1e1e1e1e1e1e1e1e1e1e1e1e1e1e1e1e1e1e1e1e1e1e1e1e1e1e1e1e1e1e1e1effc2001108019d022603012200021101031101ffc4001c0000020301010101000000000000000000000102030405060708ffc4001a010101010101010100000000000000000000010302040506ffda000c03010002100310000001f4c92cfb91163421881b8b189802a65644d2645912fb33d9573aa49690649c424e0c9b8324e0d2426a268134a490484c13420437164dc593131881b8b2400dc5c484e988813540c8e0a48938326903103710938ba941c051144a7548b937554932c9d524b5c1932013956cb0832641937064c883103685938c82221800c60089b8b24458c18da43717127174da00413111e752449d61695c899163115222c22d110688712eb33e8018414e04e7432f2b64dc592710938326e0c9916488b1b8b2728488a715938c872522309d64dc58dc5927164841213189924100031079c5b1190d6195e90ceef76665a919e573295a5989ea66734ccc9668667343339a199a1b99cd5d40e759be6603a52396baa1cb7d20e73df131bd4199e90cf2ba4668eb46695f2299dcccb0d91331a45caf4b33bd32331a5999e96657a4339a599a3a8329a82258240b04acb0204d951632a2d2dadcc22ad9c63bb448ce6a6667a199dde454ec0adcd11241124a92928430405098252421800034c01912410249063b46310c0190860862218224180000000044960edb4a27a1c552b022e4521a4000040002680004d0262a00400200043100028206244922244426eb12d2b7531481a60d0313001006200c2451351b1633bec8aad9322d94000002680040004c10d00021a00400020040a2004c10009a5010d000280000101039402d950cd253326d4aa2304c1000e5cedd52d56b603281a40050004c10c04d2000021a10d0020004019add2b0ec592090400002050004d00002200043480009a0006e0cb27448d32cf3ab44c0022c700140000000000021a001080800609a004080c5f34f4ff0023c7eafd1e8f275ebe6f5dccf357cc7d4fa6f9376789efbd37c67a78ebf5c3c9fadf462b27170faf5f4bbb97bb3ced2bb33e0050000002608041304982001a072832eb335869290b41d0800000000010009005002562e3757b6b152789c7e2b378ff004bf5ccbf21c5df87ea19be77363ee7c8757cd6be3eeeaf3fae7393b3472ec93e964b3a7d3f39b78efd2fb2f01e4f3fa5a35eedba7d1f49eefcd7afdbe1727a5c0ecfa72da60d9e6ce6839800008004130400002528800371658408dc83a008600000850d2449441a5124401f9de971b7d73f5fce7987b3bbf34ea72fc7f471e4d7b6e5c5fa967ee6bf3aaf9b7bbed718fca65f57d939f99d7f64d69f07c7fa29f53e01f6db3d0987e4bf6be7f7a783f9b7aec3afd1dbe532f53cba77b2792ddbf7e93e93f2ef5de6e7dd945dafc562680021a40004c10201a04d009c310bbc475002000108048712235182ce35565d5d3057e07d4fce73f75b229f99eef36f0e8fa58dbbd60db3f774783e87ae76bd6785f47e2e3d9f53c1f7f3f37a8bb8dd0ef2df3a6dbcce512ad9612df907cffed5f27e7e8e8e7f5b0f9fea62efe3eb69c7afd3c4c1c63ee3d2f8eece9e1ec94dda7846818009888004d08680012946018bb80b00040090822e01120a532a6239a592756c7125a3c2fbcf0be7f7dd8ed32f5e2b3d0ecf475f3be4fdcb8df4fc9f1a9fbac3e5c737b0f17ddf37b3d1e6e6f8a67eefd37cafe8bbbdceff002dd2d7c1d7f9beaf9e78bdefb5e63d7edefeedb5783dbcb9799b73f8fd1ef7dc7c2fdffb3c7eb7c77b2e17571fbdf1df45f2f969b64b4f0a69849003488680012608004c88806f02800400a3244613895d76d4b4d3664961446996344f87ce9c5ab97bbcbf42fd7e576777d1d7c0c977fa5753e27dff00a39fd13175ecf177c0f25eefc5e4e355c8e969bfa1f65f2cf49e9c7def8f9f81e3aef799ea3f2faf95a75f7f4f1fb6e677f45cfe57e7f4f3f8db675f9dea7aebda7c9fd6f96eb6f7ff0044f9dfd1baf87061df8a2da01800221a130126843400444037814200004a488a944842d899b274695e1e1f41cbe7ae6f9ef49c4cf6f11b39d1f3fb2583a77e8c1d1e758f6efb3058f57d3b1f97dd3c5bbe7de9bcb30e5f473ddb5bfabc9ea71ec5e67b9e734f1f4eec5ab2fa3dcf5be0fe8770f53e03df7c5f5f0fd7bc0d5f4fe7bf897a8ede4e7d3e8fabb3abd7cccec35f124d500a1800d310088004d0801010803709d2000004c22a488a92210b2354d3a6b970e0ebe197ccf81fabe3cf6f1357b2cb3bf1bc7f73e367a4b28f793d3e7a9f49979cfc6e9ef79863177efe35e376b85d8db5e771bbbe8d8787dbd7e2bd1d4f67e2fd75bd4f8e7d2faecbe53f428f7b9beabad55fafca12afbc9383181498400c0004d200093420204e2001b445300400d00002524454d15c2e559b3742a979197bf5cbe639feca99d78ea3d2f96e7acd772f563ef9434f265e7f3fa94b973afa3e6d3a5d9c5bbd3975e7cfb34f36ce5745f3a703d0d9aef7a6d869d7c79f54ceb999546f3249439464371950c280200480008400801408000354b99b8b44531300431031000086118591211b15b5ab514434a8e6f0fd7297c1d5f4039f4796abd6c6e3f2af71de7cf795e97a639e57b2a9b06e2132089453444d087222e62a600000240004200040a0400dc84581e0bd17c8fd0f1dfd434791ecf5cf5ca2dea4840c001a00000084a209949482298a801290409a20e44446ea2321290263224d116304247384d40620010200804000091027223294c8d965f502659f9e54d65a68f4be3e0bf56eb7c87d2a7d1edf2dd4eb9eb196fea592ad934310c2b8b402158800431034d00021a006200131006ad4a30871b01039d7259a8226448635600080129322e764553baeaa2f2ab2eaeb92830f8242e8e5dd10b9152b205fdff2e1f4aebfc7ba67d774fce3b967b07c1ddd4e93c96d928c82200210d00000086201a4371062431049c1ace2e328e1344a5150231220d6e07d70290449c8aa574ca2cb6239e4a4dd467b094d4e1b1f46027c2abba19694ab235542e8c4216a29868467b489d4ed7910fa3f53e4da0fafe9f94f56cfa459e27a35e9ce2e9b3a0b35b64d36415a15168525a1539b292d0a8b42a76b96a8de19de869417b5cef4154cad1212224e5973af5171aa8ed67e6ccd318d905859458acb090c1850027c569eb67cb4e6c765559256b8ca5b12b2e819cb42a2d0a637a2876b237c0376ce307a8dfe259f41d7f34b0fa7dff2fbabe9f67ccaf4fa4cbe7571f417e0acaf74fc3ccf6c78a91eccf181eccf188f66bc611eca1e403d5d5e6e676e9e75869846c95593b6a16cacb2363b2c8d8ec453254e498da74003109f3acbdbcd9f7c4c9decabc8afad44728e9d661af754658ea899e3a432ad5133bba454ee652ef0a1deca0d0ccef4333bd128cd2d32334b448a25a26669df61459a2c5cf65f34a6db6c2ab2eb2aab6db2caacbac29b6db2caad9cea139cd21393a5260c024e321816301400f3146faf973e9e9457990ea531c8a3b55cbc5afb503895f72a38abb115e42ebc639474a06037c8c06f4647b25189ec6637b246296c918e5b25591ed6649eb91965aa666b34d96669e9999ecd16567b345899edba7554ec9109ce564252629328638000600c63076260a0071a368669dce3243506186d89823ba31823d00e69d147361d389cb3a22f34e891cf5d34735f4839cfa0ce73e8339f2dccc33dacc6f6bac92d7231cf5333cf43289df2aa676c92b958c84e4c522549b0060038000600003024268c0b400fffc4002d10000202020201020504030101010000000001020304110512131440061020215015222330313241602433ffda0008010100010502f6684fff000abf3cfe85f27f25ff008142ff00c2afab7f9f88bead9b37eddfe157d7af9a627ecd7c9fb3f133c2cf0b3c2cf0b3c2cf0b3c2cf0b3c2cf0b3c2cf133c2cf0b3c0cf133c4cf0b3c4cf133c4cf133c2cf0c8f048f4d23d2b1621e94f4c7a63d31e98f4c7a63d31e9d9e9d9e167899e267899e267899e267899e2678cf19e33c478cf11e23c4788f11e23c478cf19e33c678cf19e33c678cea8ea8ea8ea8ea8ea8ea8ea8ea8ea8ea8ea8ea8ea8ea8691a144ea743a1d11d11d51d4d1a35fdba3468d7cb4691a3468d1a346bdf68ea753468d7e734cea75346bf3da6280a26bf19b37ecd45b140d7e4b66cdff6a8b628fe6366cdfd7b2316c8c35f9cd9b37f4c2b35efa77412a726333b2f7fb1337eff00332218b4647c4b91db8fe732ad595c9c6b9fea4bcb5729989d3cedf2860729396355cccbbe3df55f0f9bb939c656b9fb6dfc93f7df14ede23aa30545f6d6f91b29f4f193b0c8ef1b6eb1db19395d818793e1924e6b83e41dc7fccfce4613485644ae5264e718bf6c9fb77f659df1378f231fe29b93c6f89706c5c8fc4b4d73afe28cb4f27e26cd9bcbe6adcba964bf362597d31c8b2c58f19d944b13ff00aa374271b2397676c9859747072eaf2baeca393e6398ab1aab6d9dd6d5959151c0593e4238b19c236372ce8cf7edd3f66cc9b555918d90ada15bdb13d35af22eadd739fc94da14db390c6b6ac2efde4aeb142aca728d75ca15d0acf25fe4799547cb4624ac9ae3e9b2591c9db9788e536ce230bcaf36b85d91f0dd30ad4a4a2bce9653b611164c5ca2d497e1dce29e57f0e4a942aa6bebe0cbe4e38e59bed3ec6fe5c17190c787315cb231bf4cc8ed3c2b6a978b21be3e397e5870f9cca31a51956ec8e271b6b81c5f1589553c8e1e3e7d13e27d27219d557e830f69fea77e2579d957dae39aab1f2f5a962f35d27c5e6e3e6e3fe1efa76f2e4ab8c7271674f1b7646146fc5bb16393fe54993abf8786c6c250cbc9718f1ddac9f862c586995e0c4af1a3115288d5a3d3c755e042190bfc1c8e2c72f1a59cf167c86561e5e3c725cad82c08612aa5638e1ea746262a8f0f7c2a75590b57e0b66cd9293eb06e672d94b22f8ffa464f7974b8644232f1e2e1cb2571b91e15a5e3b7c9283cac9a5d17a6a9b515c931085f57c7d89e2cdc4b1c24f1e9946751d2671aeca6eb31ebcd8ea11ab0d3f3fe05b1b1c8ec3919f73af105af4f1ff39d3ef958b8d9d904e88d65f9965aaacbb6b23c9e4985935d96789c4a2e9274da576909098be5b44f271eb4b2b199f11425cae35bc5e6624f1b0f26f5934bae7c762f9b3b2b8b8e2db9b44a8e2b8fcfba653c8e444a73a3275591b61ef98d8d8e4773b1cbaed824fed54e5f6a30eb82cac9c94b3612a657c670f94598b8ce35d166e1a521e6d3412e7dc4e2f92b72b1b0ed73a6bb548b6e508f3bc8e411cbc99db464399c4d4ef967f2d8d4d7999b9192f67059ef2672ae2eab63fb397e32aa78ff0085e9565dfa7e295570aa1ef98c9921b3b195fbb1b0f19e765e6d57c7229aa14c6167755f494b329d14e2c54b94c2cfc9be35e062c2ec99daf1adfe3bed9469b66e738615ee3f0f55e2a29ecc958a8ab2737cd0cec956dd3b14ce0a743593446ea726878c377a83b64c574d4f85e5ecb9c24cf8932eb8d7f0da7ea7df318c6c9324324d463959b6dc71dda16ae4b314bd563d8f5449e4cd61bab97c3cd3af854ecbfbf1b810c68f27c563e4c3c1e8cb2d95f1fe2c6971f8f47251c1c69e05109a859ca67fde564eee2d336516d94dd8172c9afe24a17a1b712bc0c2eee445459463af32c8af1f8b8b9597f02fae5fbf6489136390d9cc59d70fb11938636649c2c534e2e699909ce34ca755d0cabf3f92ae5d5a9773cda873d6c6c8c65fba3fc918ae92c7ccc99d7999767a6b645139572be155a558129c7178b8c1e2624292f4e30e4fd4fab462adcf1175b3272a18f7d6bf9384a6e9dfefd9244e25b11fcb9dff00f0d9748b7f7d75ce753f2215bf7ec93aeef1c9494a339b899b6f7ab366e53811ff0008c3ff003ca4cdedc65f64cc63867e4962b739fc539d663f2d5bc7e43139ae17d3c6830f461e2e36543f4bc252fc0b1a270d9654c945a396a9d9871ff69c8c5fbdd77f2bb686e5ff0074230739535d9994b257a339757d7ae3d7f7f9636fb723fedbfdc8833b355f171f0f1c9c6a87c4d779394f86337ac69b54e1cb7195338dc5c8c9860632c6aff06c6491282659423278fa275d9c7e5ab29c295509e3ce2ff7296cedf6a2365ed6048bb0604b03f7532863c2c6e737549555cfb146d1c83fdca0f488ff00ad31ecb8394fd1f2bc8c71a97dedb3162d5dc467cdd78f44e727a8a1bfc231924584c912912d32da532f84ea78d4cf26daebae9aa48ebb9644d551b11d0a8e9e2bb1e7fc72aadc9b7178a942bcce2722835283c5918ddab4b8cb73790b7e1bc76acf876e8983c3c60ab7f6363fc2b4344a1b25512ab64e8274c909752d7192c5ae15d963d8e48bad518dcc97dca526bfee36263dd4e3e351175c6b8c66f4ad5de9962577d75f118ea5562e34486926d11fb918ebe6ff0011a34380eb255265f8db5934dd06ed9d72a6e85b2c897edb3fc38394b231e54dd1fb15d6ec29fd90848560ac1484ac235dadaa6c234b2304be6dfb94fdae8d0e289e353332785a26e5c6659fa3e449e2f155512e4b8df5315c4e6ef8dc158b478a278a278a278a228235f80aad4c52f71afc66265c66a9c8213d89fe7f424462425283c4cf28c82abd323337f9bd090a225a1bf9d391654f173e3229c82bbd323337fd2ff1da34288a26d21bfaa8cab6b317908c8a723642f236213fadfb97f56cdff5e8d090a2288da4397d1a35f2d1a19564595bc7e4ca332122bbc8dc85337f43f72fd868d0a2289f6439a439b7fd0cd0fe5a195ca5128cfb20e8e4e2cab322c86491b90ac476f74ffa57d1a3475347d8734895a39b7f25f5bfa99ff3432164e2559d644a7924559d165794991c8446e429a36be7a3468d7b4d1a3a9d4ea68d1a35f2da1db143bc76499f710842fea62248d1af933468d1b9221936c4af90922ae4915e7c590cc8b2392857a15a8f223b2368fb7cf468d1a34753a9d4ea753468d1a3468d7d3d90ec43ba23c843bdb3bc9fc90842fe9711a34686687f4e8d1af968d1a16d11b6c4432ec4433e48872243904473a2473222ca88b2222bd1e647951e44790ee773b9dcec763b1d8ee8ee8f223ca8f34479111e5447963ca63be6cef27f24848484be491a17f4b89280e268d1a1c4d1d468d1afa3468d7d1a3468fb8a7342bac42c9b459960b3a62cf90b9062e40fd40fd40fd40fd40fd40f5e7ae67ad91eb247a999e7b0f2587691f7123424242424242468d097c97f5381281281289d0921a1224be5a35f5e8d1a3468d1a3468d1a3468d1a34753a9a12144ea28890909090909091d44848484848d1a35fdb280e24a0380e0381e33a9289d4ea68d1a3a9d4ea68d1a3468d1a3468ea68d1d4ea753a9a3a9d4ea288a2289d448511445112121214451123468d1afef68940711c0f19d49563ac759e31d678ce8743a9d4ea753a9d4ea753a9d4ea753a9d4ea753a9d4ea75144ea753a8a2289d4ea288a2289d451123468d1a35ec743468ea4a2742513a0e0751c4703a1e33c678c703a1d0e8743a9d0ea753a9d4ea753a9d4ea753a9d4ea7514451144ea288a2288a268d1a3468d7b468d1d468ea751c4713a8e0743a1d0703a1d0e8743a1d0f19d0e8743c6743a1d0e8743a1d0e8743a1d4513a9d4ea753468d1a35ee743f968d1a3468d1a3468d1d4ea68d1d4d1a3a9d4ea68d1a3468d1a3468d1a3468d1af7dffc4002c110002020103030205040300000000000001020011030412212231401041131430505120324261336080ffda0008010301013f01ff00816abec3a1c7836eecd32ba1625050972a0546fea3a943462e1356630f1c0b9b4cc5a0d332769a8d1e2c4dc4f878a64e1a84e0c1398bde63d38c94cf172e2fd866a981c842f6844208f15041a72c2e610b885a999bab9061531927684cb8c662cc538f689b97887101d404c7856faa6b706165bc439841068f89a64fe514c3a8e76cf86c3b9829bde644aef19211ebb1bf134acdb803176f6b8cc2f6dc55622c4d4a6476ba9dbc2a9a73d062d7bc52abd84ca7e2898b4cecdc4cf8e801060156d32e3c7b3811b1f3349a6a6b332f3c1106052d665d70267c07f72cc1972170166b1dd329a309bf007a28b3500022b7b4c685b99f2df8e22818e0e0d98a55faa65c6cfefc4c3a7551bda65c0e3a926e3fca336d20c4fee3fe04d1e9ca2b1aef35ff00e5f08198cf57a5026ee691eb75c7604424476e99a73b454ddc4cf96a845d47119b71b99cd02f313903708edb9778993579070ac6bc54c844de660c937c63028078805c5bdbccc98b737540388383ccceb8c9019aa018f1af0d32e42c79f1ae0680cc4d6b5369f79ef1788d91bb4e663c853b47d4bb77319a5f941889f37927c46bb8f9d98578b5f64a95f65a95f5c7d1afab52be99f4bfd352bc4a952a54a952a54a952bee57fe87ffc4002a11000202010303020505000000000000000001021103122140103141041320223050511432617180ffda0008010201013f01ff0002b4d7d87249f82195c55791e493f258e7920f6dc84d4d5a2186d5b271ae3c559a5929cd1194a48d33fc915b14d0ca4496c4568ba344d475d9ee49c699286c8716bbf171d2dc9fa8c716b7ee64939bdc88f149d0ee0e8bbe9fd89092bdcf50a2d5a645a327ab957ca2c936fe67c4b3d46575a49f6231748c53d32b1fa887e0cb34dec2917d7b93834afa28371b16c46497132adcf6ff0022936e8fd2af0cc95074312304754b733414372526cc33d24f3cab61efdcc59afe591970c2116c8a55c393a45df71af2448faad31dccb9e5944c7b18b3421e0cd9bdc64649f72893a424d1664cae663edc39ad8a13ad86ba510fdc4b7e91469a11567f0766282e2b8a29143746a637ab664b2576e8f26945df4d6fc21b6c4b8d4692a8977e8c7b91d916892bdc48565729a4cf6d1a15511c518bb28ae17613fb057c165f32ba5fc7a8be4597f52cd45f06cbe25966a351a8d46a351a8d4597f4ebec75c2a28ae1d14514514574a28af8abebff00ffc400401000010302030505060306040700000000010002110321123141041322516110325052711423426081912062b1334072a1c1e1308292f005244380a0a2d1ffda0008010100063f02ff00c0a8c3848d141b1563f201ab5324451a6c03aa9ab4e9469782aedde54768df85360453c8f394e6b5d2ec710c1c48d1639edb1c2f7b65c51dfb09a8018b8bc2c35f662df432b15377e0c14f888cd45bc5d8c6f9a56275419c46aa8566d26e161c224c91f4faa6bd8e70739c0833a75eab7f4ea97572fb83faa6ed62af139d3522d81dd0a68c4c05bddfebf754c620fa83ddb790d556af57dfbb0e46ca8ee83f154368d0af66ae7deb72eaa656ea9bc0e6541ad846bd5703d5c200ebe1d2561d9a8b6a531abb5477fb331c3f2985ef83e899e528d3d8c36ac7c6725c54693ff92f72ca74ad7d553c4181ec61c4ed10a9529e32742335bca3c6e026c263aa0f6d1601043a4cc9774d3fb26b8d368072b593f666bf063788f2ff00bbac14b13b5e65026f68854f6da9c34b859508cd3a9bdd51ecc861b4f272a4da38dce906e324e6d2762a9fa2351ee2492b82ab954c7c2f66a35582a493cd468d0872f0b6bd8e92e176f308d4ca330aa633782b74c617b8e41a8b1d98cefdb9a8c32536a54a0d6bdc2091a7d17bcd000116b5f841107af44691fd99cfd7fd94fa1b553a9dd3800d1c8d36f0dee0d956c2e6d17018640c38bff89f4e9d10e779bcab89e5ac6a91c475830bd99cd7d21de17ef7d55cadf561ee869e64d1c14e969875550d310d52e200ea9df98e6a7100a25bf52ac41f0882e683ea9d0d0ea6eb96a355c6180dfea8b8710c29ccd983779aba2c15cfd565f6ed6ed1584d63ff00aa349aec28c90112d6e31083c537bac07d935efa2e796ba61f7051a828eef9095506d149ee7c45d929fbb74ccb5d841e11d5318d639d51c70c468a9d576ce378449c5cd1a3b43310d0ea10a2fa20b73de9c9c13c30c10db615c60e6b714e1a4dcc0928ef6bbddd2502f21b6d570b5d51dccd822768d9595069062162a1c31de6f2f082e0d067358dce81aaab4deee178ca1398e3bda241c4d6e6dea16396d7d98dc5461b7f658a641c8f653af51ad731f22792a6fddb9a1c25c5d7251dd587329f5aa1266cd9fc1976986b44f442a8a6dc43231da691b3b36bb91468ed21ad78319a66e9b1b434ddc351d5173f2cac9cfe3a9b54f0cd9a16275567d4a6fbd6b85e4b6f0a5f8ea7f20aa6eb6786db2b052d3e0c70804e8b8f14ac14ff0066cb0ebd5120eb0a755503230cdba275278b673e52aa3291ff009967fd23f18e9d53f64dae8bb724cb83864a76518a9fae4b8cc47342035cd43fc3a7b5b45ab0877a852090a5a63d1407831cecb4fba6bdb2c2857d9cb597f7ace47a2dd531c239ea9983437f07aaee903b0753d955dd53774ca841c89c9537ed3b4e377268bb50de38be3cc657bbaae67a2bd5c5eaa2a8807f92b283fe04beab5a15b68a5feb47636eec546bb1b1d8a428aec6d31a38bac53b7185c06641b0faac3bda2f3f91f2a9d2acc76074fe8b88b9f49ddd298366e0a8c3bcb2e1ace0e19b0eaaf81cdfe1850f616f5990b130c8f05746841574c6f495803a1c7909852da0e79d09e2511569d2d01b26d32492e6b5df70807b704e53da6a55116c8843d3b2ef063aaf77407f9954a9bb6360c08281767aa30ae88a0e30db98fd5637d62e3f9eea4b9ef23463211da706e58df8ceab0d1a7ed875f22f7b5387460b347d3b1bb3d66b31d312c7ac2f164e7f7a4e4a9ed14843f1719f54f1b4135016d81764acd70ff3ac0c103c16a0fcabd9d8e0d3849ba752a6c770f0e3220292719ea85fee9a275844b9adc536308d5ddb1f54e6f76abdfeee9d16e584d8205a5d5ab8fb2e222c22c2137d1638e1d079bfb224e65637e1a4de6f309ed151b5049eee4b8729859f7539d3818332745348401aea54bd8279b2caa526bb8aceea9f4dc0dfaac0fc424d9e16789bcf3516fb2043b09191165ec9b51927b8febc8a81a054ff00e1cd32441a9d3a267a1f062e36033461c58cd1a13df888e1cd163eb6f8d3b718991a1515366c279d32bdd6d2dfe17d8a69a85ae69cb0baea8d120babbdb86f902ae4807278fea9f49d477b6f28828d4731b8ea5ff87a05898d14ea799ab0d576278d22cb76225c6ca29b43de3e3704edf6d2f6d7075ca1377904075c8458c9709910b03e1c3ca9cd0e12d7e22d1990a7b1b56918783641d058f1de6f245e06a21176d2e3ed550705369eef52b8834fd10e10818c93f6acdf4ac47e6f87f558dee9738c92553eb61e0d87ce63b27cee4caedd384f5408cb4ec0197c26f09af1208329b89ef687ba0869b42e5c960d4dda8836843cc3b388cc2c4d30e1c91a752ab9ede455df6190cbb039a60840b06edda8192c5bfa238a226fea98f75465671c9a14c4d43de72934b7ce60c74da3329eeda43b193af605723355a857a46ad0da29b71006082350ba4da5537b5bc0d325da78353fe2fe9d8d679442734024ac25a7a8562b096889ec6bfca654dba15234c96f067f17af64f6c2001d27f05c8ba353e0a7c3ea51695b3d5a27b8dcb9a6b9cd1529b84df45ed1b282ea5f10f2a08c198d11ded26bb0f30839bb33428f06302ed389745281e57501bea800262fd93d9baab259a11a2b566a37041ceea7440f33da1cb3fc048cd50a51c46ea06673440f8442f672789b76f50b123b4518a6ed5ba14d03140ca7458664f3f07b8ec77ba6027e268bac3ba27ae8a3539952d571a76c52693199d171d4fb2fda39431ce24a345cdde19993905251a8ccc69f831769f44c6b8f74908937a91c2d4e7b8cb89929aec5823e2e486f624f24d73e30e6a3c3c87b63faadd37ea7904295310d0b35845d16b3bc7372f52a55f24f6a8d5452a6e2b0d46cce6b13185ecd141041eab16784dd701b3971e214c0b9e6b81ce6156acc3ea9af73dd8b94281e1f750404f731a0123b00514f5d7b1a3928ec6d4a94817205b4da204280d0159445d4556e20a4626f495019f72add960afe2165dc2577506cc2c2db04020d01607671d9c23d5066136fc3dc72ee15a057778a64b8a9b4ac54bddb97c0efaae27b02c725ef422cf6e4546edbfea50ebbcf78aee85dd0b20b21f33f0957f9125a5454563f22d8d95cc159fc8b9c857b2b1f916c571ab3be459055d5caef788dbf74b395d5d66b3f912c566aeb359acd67f21d8aef765d66b359acd66b359acff70cd67f873f0acd66b359fee39acfe62cbfed53ffc4002a1001000201030304010403010000000000010011211031412051613040718191a1b1d1f050c1e1f1ffda0008010100013f21f5ae5c5d5680cb97d37ed4d0f6572fd458b2e5e8e8a0c183065eb7adcbf51eb3a8f5ae5fa06a5d2e2841a2830612e5cb972f4bf55eb21d47ad7e81162c7551462408420cb972e5cb97adeb7d468f41a32e1a5f4dfa06b72e5cbe93563d171e952a32e103d572e5fa268f4108e874df55f55cb972e0cbe8b97abd0ea3a24499841240f4dcb97d668e8686ae61ed865eb72e0e8c61a5410e9a8c3897a80eb72e5cb972fa07474187b41f57555552269acc8d30ebdff48592c977313bb0f9c26b2b2bad68f7b46bd68e982880e5a2e5a5e5a5e5e0e0a5bd27893e29e29e29e29e29e29e29e29e29e09e09e0d43c13b2955da056d2bda53b40f69e09e09e280ed3e3a952a54a952baa894ed29da525251da5342929292929292928944a25128944a25128944a25128944af5a9839e703d12a54af6f7a5cb972f4af40f645c120e021a552bfc0dcb972e5cc7b6127720108aff0d7d17a08197a57ab72f40221152bfc7dc20822c95e85cb97da6f90c812bfca8c2083ace85080ff003430820eee9232ef0a7beb24f791ba242b40f1ef861a0032bdf3dd86c777b47f1a0d9a9db46a5c7bd30217b55314ded952f24f7cc100b2a54c7807765a25c9f3189710c6e0ee5dab30542f73a41c54ece1fc742823e90837639c7b7207470fbd7bd4d878233a5306d77b415945052b6dfecc20d6b872bb29e17310538bc18b633c623c41cf6ec372eeae00fc8858d29c7226221556a8dcd73c5c1ac5b1356e19cc2e020a31da5803ddc78ff310da4cd73b591b6e19a404287ee129b5cc52f3b3db0e80fb64225016cbd306f25bc4b022e330fcc3965a668f9b2302b72fe939980f760608bb0bbafdcbc70790edb77da517e6619ff3b44f425ba60dabc517fa931ab0c843f80acb01bc33a2bee5ca302bdd9a1bff006c4a9a6800ec7edbfd4b086243937fde0c80b48076c790df96e6f84db8d8c9b7ef326f3f919cf6805b66f714b2c016e6d48ecb6428451ad88fbb8164afbbc88ebbb7ff0014202d6839857f0b380e6578b5a97b4b303b3f11bedd817670ca3f1e801cfc91e2a36336285f0234632ccba45e57829ccc1ec51e312f0d992a98bfd042de86c99c069af1697b42b454eb6efe7e49609d8660ed010f055f4337e462f9814911b62c73da6038e4efc73cc57dc6adf16e76948da972ad6fdc4dec601f692e5fc40353ba82d2db128e02ddd947eb95440559b478779548477604063cc2d9f18f5ac3ddbadcb81bb308b992f1a9b793b32b76965c52acc693caccd897a01f0f9636b3aabe50d6f23be518bb6b9653c7583b7c7cc76016d4e60c25def2992e09bc051142009c3720682a1d4e47e657f7c07e92f0a14643e21838a1b4be1c3b42e944cf6b72b9862c51b7e43cc12dbbc8f718a6b305bf00e1970db6598b7fcd899960196a83e5e23c28ed62c129405ace08814f9804b0f65cfe52a9f0d34bf635ec2f4b972e5cb943ce78647b91093ba2a7de26cdee5455e290ed726f5bd42f5196c43faaf0cd91457dc80d9a65186ca2ac354bdf9996a10e06d58c4ab9e233073bc4e3962dd89c3ce410aa3401d9309ca2a973e6e9011ece604573feca88d05636247c2678b47eabe666a695ece2e5106e3c7f7ceec7f69796d8f513e455ee408cd56f13fbcaae702ffe859f84a773d8be9df4dcb8c30c95aa382d0cb3a018a712dc2db673e61d6cc86d801b4b4a0b8bd8e48eecabfa312ee790a8796fc8edc9b444e5a197db3fa4b2f3080591583cc16bc00a276b2c77fb25a986a54a82444ae83420e980efedaee57e205a439a6665370c3e08fec433617c1818600b1fcad363b8c5288d9dabe562572330d83d957a37d2b17a84251c6f2f97188e31284886d04d7188fc63fd456f1239156f4bbfd4a44c562fbacb85010a2cfdd1000ef37a9c8bc47f11410984d94375da028a61188cbeba27712126c775c43ed65f64124d82f058dd7865911709f52438426d85e560fccf2c1220f173789a6b1609c30eee96d7d3e658a1ab99e3f0c1bbc507e97bca40fde4f9a8b929c20de914dab27b97558b162e83d8ca240cbaca8afbff004837a3b195e5f3f303545ca5fc551f32db0c00366b78bd0ae337754bf3dc183f88df99925419b381e7cb2e2f2602db32f3e1dfd5fd413f50fe22277304412c994b96c1abef1228968781436ceeee7894b279c07d31068714f77eac15a36129efae2bbb155839527e7bff0073290957f62343b62cfb8c527c3b93711b74cc85b5045720b5d8458f8a6204d58522b3f88f0376141759cef7e83abd4fa2c6318b147144c6b82891b7b3f8ccb41781c35da0c019d361bd5e59695bcee2fc4e204dcff49771716567782e91c9cb18fe676e0916be5d8f88bdcbdaafcce3f589562eff009ffc87286015020fd78a52b9b94f978fdd16ab87104462a648bb92a2b76bf116dd8199ca9bc7fc20c46dd7f4a8bd076c3fb368e987b9d93031b391f0cc8a7de8771ef0caa1c5007dc1d4d1ec4967e761b1f894585cf87f91de5443713e5dbf78195de0c31f2e7f109831febd53d37a5f458c7428f5a58d2bad2b5e23639e0ac79ef2abca88e2e5d38d880320d33fc563f8adb2cf30396ef09f094d737dd963e18db3d87fb9e10aba34ef0b1dd45586f9a5fa6d8317e499c06e781fee28a3927b778dade3600f821060a58570c402bd3868fed093da1633dd8824b374a47e659487741fb84c3e50ce31ab2fe1079b89ddff00115775aa6f7755381754ff006712a5790728a52db9b54dc679965c389e7fa1fa8bef5f28bbdca95203f4226b5d2e8eafacc63187569742d8ce1c8fd77614252056cb7c10061707b1d87f53f119b5a5c2a633c4aecb0779be20347c625378d383b207615506975fa8f69dde2240f69e677913b93659bfdcad4b30ee878fd537f6e5a0c0506c8abbef384309baafdc7c9da79e827ff84db626da1f980b50ea9cfc7c470a5a9acda5869bc0edc5789b252dace48766e33b012834277c43a559bcff0069c0710fc3d37d17add58906a890b5162cbe70e5e58464d9fb730a888c016def3193f8120a94ddece197a5559c4beadbe650c6ce1e20b0ac5f708a248ab5e662ba583da182bb41f5da6d6629676b7baef378336468eb02165a344a8ab68fe5fc4400fe2551ed3b45ecc327ba1b6c4de8cc397cbe262f64b37476f296e0a0e4cc1e0c2b6de180a506c1c68fa2fb37460d3ad0cd847324c97087c73fa4d9784455778da4b0da0551e412fb4dced05ba6d0795106f08503be7c7e27345e16a5ba1faee40a595b3de649c0cb92a5271005ec4ef6c2aa11588d2ec35c5f88db01b873799f31677f1092587f68ab441fcad7d3fbc063172bae4b67e1f32960d90a04a5536ea263398e8f51ababec98c1041661826e46a11d236207bc6e4b782ff44c7172b6a0ca5ae2b25a8214caa2f0be00fb8aadae43158fd125b79982a5176d894ec11f536f0147e2321595ee261b2a8ee538f922ace65d7037f136c0186f0c2278bcc55bf3cef438251d3a90b0848f2cb007641cab128e61158dbf13009186f984037862628bfe092082591374ec411d7103b4e784bbac45ccb878fb43784de4562a73fefcce5ac6b82a355d8bf62319fe84a63bb336541a2ed78f89881bed8b1a0d6d83ee30b1db8fd8ad5373c4c6a58415106c1428f6614b935b39822a3d5eee09f935ae6c9be15731082da007e63809a0ab98df98c3f68faf51351086369c823f04e321e42df31f7c624afe62c2b9969ce2a21532bf88bf6153dd1d8f6db3f765cbf502b08dc0617bd44e2506b33e93e26c21605ec19894f65d3fcc5f9029162bee039276b08e961de20cbf98179d3bb07b8cbed17cc5a9b4bf60fb2a8919641e3404da3a5230c0f8962557243adb5cc6a950fe7e607e4db2e50ad01cb1b9d5090b97332eabc83689328ee22d6c92ae65dbdc64c0bf511b51f1187d33fef217fd04e1afe7a0b8ea7a6fa367b1495125461956e187d7d24b00864ada5fa5f261368ffb612646cbb1f04b2238d7e8cdcf17b918c59ffe8967f043fe64ff00ce87fc281e095ed00d2e5c7a2b4a840f6410d330997ebbbeb52a54a81a2a54a254aeabc4bd2e5cb74a95a84af5dd6a040841cbda5985046f2cf7552a54ae84c4a952ba023a10f62102116cc32d7865b589ef0d06d272101e616f4df655d268ca8ea43d7a810d05f063b3a54256bd929c9184ab139880f30d43ad7ba1a30e83a6fd1a810822e846f1915844d19e4de2a414c3b41052c27762b982cbd07a37fb73d217a1d750835381a22bb43561848c794c267ca4e0c20e30b798ce613cc0b065cb9bfd3b97e98cb8a0e8fa950835856866d932ef0843448904299743b43942544ec9506191280a26db04f31dcc67300cb1952a57b43a031ce97165e9b34a95a09203309c96a888204343448654624ab980a8465680cc5f347794555ab46f0d8ce62398ae60d2c94742b4a667a6f4b972e5f433301811b6b1041249a1444f99cc4ed68196ec1041043a522465681a1b74510f4037a93bca73e8adf5662de119cc57304e61a55c6251292bea705ae8a68ad312c947303cc37338ccd9a3ce85bbb04104102043a9b45860429a48c42a27404d42390136153939cf277e1f0e954ba5d0b83b08770877a025652525256565657bcf24f34f2c7bb1280403985c446c681ca82ddde9000d02040d0ebfc5a2b8cb8e81947a0552a27400952ba015d94d89e852416177b9e7cf262f9879b0f3879cf9b3e4cbf765dde7cd2def2f97732e8b7750b6eba075d40083401040868751e8d517896d159976d0a8e8544952a5408681a47a2ff24924820d687a214553a8aa104101021a1e99fe398768f70e1b4c5db4d95747750699a93abd248340824820e8007a6405412082080812ba487a3883c470da276a946da1e08bed13b45768aeda2fd386a0e8035641a06aa4106a420e8006a1248208202040f40ea740c99cc50d0be13c11f1d1f047c633f18f84f0eb92fa1be492699249249d044e90012410410404a95e91d55a922f8d0996aaf8e83d185768f8cf8cf8cf84f8cf84f8cf8c3c7a19e30f0841041041aa9041041241041010204af54eaa890104488a948888959595959595888895959495959494949581959581819580819580948094808102040812a54343d13d3fffda000c0301000200030000001009cb924aac0a1ba89f7e3feebd35c6996824514608514a90380c9cf12486c344a6818bf32e77dfec6fe229e53c73461092e320c32c0c79a418229f5f0d73c7bcbeff004cbbc35bad84e20f0471848ef96f92a75f5bfdbfc2397cf76d36e74f37ba5e71c8310738918600f93fcbef091a9106320b6ea45bbb515590284a61c481c48057dc43fcf6ac59ec05a45c55857c2ca5dd4d80811e7b7538aa2e31c7d1d038230e094f4d47527597b7d8751b541181ba8e985d4a0b3d34bf54dfa092c15e455516c7f1e65de5ce14c0ebb5155449e753820deeba08219826de5597bf689b202d10a946f8a4bd459e61c5bf9a6820823258e618f8c67b499af956443871deba6d59e41575c7f68408049e237fe70ee72bbc808ca2819817c7aa8bdd5937536b00dcf2ea95e2030727e57c3a309547be71ec730cee78945dd695f0fc1e4d1fe592672ca8d78e216e2a00441200ac3aaed49151b4bc6107d54f0ac8d907de6bdbfd270029c69c2da91a6c85b613758cd25da71977149007acf397132aa945b334a61ad49962a9345a7f049a61471acd694fccc788b7feb38555129bd29e26eaa04106b141561e558550f1b929294135134b12b3d7cb27e4481eb617453cb34377914d36da5bd208b5647c3da7ad00271f7419e959561ffd8cf94f15dd45c714dd458e3892262ed8aa0c16aeba761b796dbbce3eb3b20d1355f4beb2d8e58ad8a29150797de9cda526954bea983c6eff00c95e2619e49751c65265965f4cfdbd2629d57dbae291ad00db46beff008c51d5802255fc9e49c75cbf0ffd01a74595ae82778bf4f1bf31ff00cf3ef7543b804fee3823cd3a1b5c56c2c23f345a363d240aec35d3dcf7e0c90802cae26dc17bf4b46b6cee71d56b50028d0b6aa8593a19250a3bacb011009979cce03817f5edd87046002daf136fbfbbe8386b4b2c79804245a4c7f8c937c6d4b3dd5f003fffc400291100030001030302060301000000000000000111211030312041514061718191b1e1f050a1d1c1ffda0008010301013f10df9a52ff0005345e9eef5dfa5294be8694a529515151514baddba529762137e134bbf3aa134bd534beb674ddd49be06ed1ff00037a5f3140fb1f0ff4a7c892568479cfea869260d1c9372755e87b432462f254e7977e254ab6bc362ad991ecec76f0368e72347189a70c7b1d9885fa976f3f11470c77f0bd85193b07c4a76394db9d509a42ef03ba61aecfbaf618f91cbff457f7938bdc527191706708fc06b90e4f97ed1d385bfb44390df784b9c0c4c2c3d93f93fc13447b58d94853addb81c988a4550a8725ee2b2242a884781ba41a156d3e029e127c8caf9bc19ef25f53904970bc169e2a63234da3f40951210953b316284f8475a941c3cfeffd8648ac5afc09338bf99c45dc94bcfd866907d17df92a3abc71f91226048c9e35cfb1e67abf13dff798209abe0c6356f3bc87a1227053122adf7afb09da65221b5519e441177e445d905f0ac3edc78f80c996702c59178f7fda24a88344c9f719f605a7b0d3f69c7c9dfe89eeccf429cd04a4636e8f891a1d0e189fde9a510e4e8caf9e486e61fc7e47296cb0dc21a931c2421674fb0ae3d2e7d86d1bc1373e8377d1a6279c8999275313b7ec29ac968905e072c212da2489a34e8d78c338652ce79f30b85c32560b47e8d3d0d45d895f78eb43e08c97b0f5478233ace490fdc7ec21bb46ec7e957439a98daa55f41b2ef253f82b2b2f435bad26365b3769a168b69b33a51a31b75426ca1ea88c9d54cb217a5a4c66b7572351689a4e8a5299268f62910d46e47b29a1a89945657a47a60e0be862209e9fbe8f045a528df5dd6ecd2f44d294a5294a5e97d14a5d14a52ed5294a5294be8294a5294a5294a5d694bbdfffc4002711000300010402010402030000000000000001112110203031404151617191b1a1e160d1f0ffda0008010201013f10ff000d9e642321082e1a5294a5df08421349a4e0a52ef7ba94a5e6a5d27894a5df4a4279935ba25ca937d0f235e027aa5c8b455c3225f7765e4c55898a8d25fac26bfd8a6577f18fc92c0d359e4bbaec6bc435dc7434be883b1900874c4c2c63d8adaabb1b30d12af685a7ca7ae2f5f5fe8569a5953d1d6b8ee975a5d26888cbee249a4fabf6636c7a5f02b562e8944bb54b0991bf6425dfd44a856703aafa897441871b8370b3f677884ef0b2eb4ba4d2e871114a2d0f39f7042987b2dbf8316e341231098be05d1608d6598671d14d1980627555e037a52aac4953f416fa51666163fa0deca0a8e4a155bdf434fa094c377eee7e07a3029af616abb9ff002389efaffbf03d922458e76529518d986149d312bc8b6a5bf6f88635a897474a29a082bcbe9ec729c9079034b81f955a28cb1321ea4df5fbf005a343431b8a88ed5421a504af6365d9d098ddb4aa64b51231604cc36dc4b031e6db42f0d8f64650753d8be41a942542a795d1d22a4f517c8aaf20c72b22a63b1282f06e8d0c30d827720d1529a231131c84ba0df814602d53e24ef2768846d98304c3b20822dd38d3612f7ae75c49998451a13212bf1138365dc98c23226c826d0be4247cef7c645ec85d14f45c10ca138904a546348426c842116b569a7a25a25cb0856517b041046a59464484884d573294a52976c122108421355b50688426e842108426c10842109be6c84e001360842109a2109c9fffc40028100100020202020203000203010100000001001121311041516120718191a1b1d130c1e1f1f0ffda0008010100013f10b8b2e0c58b062cb8316770d45e44625c7132f3241032e5cb840c1832e5f070c7831083c3823c2c1cc506284b97160c38210610e58b08c2a0c18b1972e5c1c4b9be2ae12481c43e2523290f9682e5c2060f02060cbe18fc087065c75021708a0c3860c50e460c25f0f0188b2e1045c5972e5c1971462de78aea1c4164a638625f20a1c82081840c183065cbe2f8b84228c380811c7052e5f150e172e0c20cb97161961a8b2e0c22e5cb972ea0cb8b1f062f19a5d3397b288a2e0390410610712e1030785cb972e0f0ea2970e04202148a0f01830e57083061162c5062c63ed0e0bb832f119a7171451952b10a32e9564728c610af103f116104103065cb97065c38b1b752e1cb48f12f314b97060c22e0c33097508b8bc5c1c461f800106a2e25e20210b71e0c2242c48c764da619645ea208c700c166de3d4bc4da1040c183060c23978e171438063994583983060f0439393818cae46b83ed2f12e148483c96638164ce6598c5b84194312cf140c0c67b605702c5e0384904903065f00e228bc0b8750dcacc232e0c1830e087073a22cc1b9774cfb27a99ea63ef87be7a59e967a59f7cfbe07ccf6e2fe62fcc09dcd4a638ee51e651e67df0afb878d878588e98134cec3fc9de507b831dc0d770a3b87b27d911ee7aac7a160f4a23db0f2a07bb9f64f621ee8fba3ee87ba1bcc2f998fb89f3187df14f33ec87b27b1010f6417860e5e5e0bc4bd6a5fc45f8977a9e9e17a5c2f4b85e94f423e0703d59eb4240ba80750806417bc384441e0a1e24240fac0e8c01d253c703d6563db852b8512a54a947827a08af4e367d10f01c6f4c3c13d73c44f547c13d13d13d30f1c3c50f14f54f510f043c1316a7aa7a27a27d13d5316895f1c54a95c8cb964c4a201c09a23fa85a0fd409d40f88452525257a8f35c3c31ff8ee5f0be0411f49848f844610d41970cf1b7012a543e47c58c5d275919b61b700ea1c34952a54ae6e2cbf8b33c7a8bcb2f8b972e5cb967c824904228992660cb83984ee5cf7c77c5fc98b35247731d340e884d7cae5f0fcea54a95c2477c54657c2fe3996f0b23332c439085dc019794cb48473352e0cac4ae2e5f0c9a0b9b8c128acb61060841cabfe1a952b9797e29cd7cae331f179b97c08f80436e51d4a958892a0545f8165a16c7071207a82688454ae57e55cafcd972e5c5e2e2e78be2e5cb97cb2be17cdcbe332e5c18a71f8986ee1498892a57040ba32cc938215acc03440812b9bff0091e165cb972e5fc5dc7e2fcee5fc1e5e2a32d832e29c756986e22872724a5cb0428254095caf1aff0086e5b2e5fc9f80a99b6a8d9d4c2b3845c44c9c6c0dd3e22cb972e5cb97cbc3cbc5cbe2a54ae163c5c183149e78869988771ec6a1002040e6f9be3ee2fc2e5f17165f2f0b165c7c06102d6d0fb9a8850d8fc25c68922971b619b3ea75937fa0d2ba6badca4f42fd3903146b5d673a98ec4a6b84f50acbbc62244d05028c4b2ed4575e0d0f15b910140a0343efbab8d471cd72eaff00fb149a53429ed995c7db01d25a1fdac6d86f6c541f7c32f97fe06313e17060ca997c637921458c081c6a5fc2a5fcae2c597c77f0632e3154bcb1941bafdc05c3d142c80a0b43cd1dca9703f294dd614ad21af107c116ea14c0da8baa12cd4a45b5904345532a052b2b0269745b8aad5564abbbd9988765f3ce02b6c2efad4a18b51cc26560aa31b0abccb6749202f416b31622ff0062ca296459abf9cfa9b2c37f23b2fb1fddc1a388b47091976f2a89e88ceb29bdfa5c250568ef2814e834928d1adf99470ffcb5f019710966e39a604df0fc35f2b8b17e022b48d61f5c1fc591e8371abc82d7c80d1f7b8bca85b87c6d7f788075a8559d2e8fc4a73b5a9a68b3f6c1298b348cfcdb00d20b0bf62615fd9407df37401b1b1ac67750c9185b4d2b18b1e14a7701260b4ea01a045f4a6c2740f4b1d530869917ca3408f841b0fac97dc290d096c99860b54828264c432b2cdb8cac33908ee9292cb2eae705fb5fdc4ea10be808c6d5b7282d1011d47259664354699ce097b850414e07b52f2f50c05d6794cf6fa8fefccecb172bdff9265afba44b2f674e220a2b62b07af10025ad1f41ff006ff2259c15633752e5f15f37e2971c4be058305260e57e1af8f72e2cc717997159816a680f308ccb20a60ba5ab2264af304135bf257e6e5be1506ee3457ad4ddd325ab5835eef50276e4906cb11af4c66a624a398302e35ea132340351d004b67b512c17c0ba157ac6c625004b46944020ee8df98f0c1bbf1205e17069422397ac8d1b2d601754b778a8c244c6c18c8a900d352d9743289b03ea5e95f08a706292b44add32f513b550d84c8ac2b469b3b7a611e1a2232050b9cb84c0cca102ac2c0bb9266aabab955c4ad682b018a8c50555119b65572ca832db2a8ffaf6f6e3ccc232f2083469d05f44c4ec2b6fbb63cc9e481f9601901236676fd22605e011a9e047c7f92999d2dc717c211e28991f07e092f8d41833445e2f8d7c1972e2c5162f23557a397e16e0589c6398654f0393bdc1faf2986211a2e8beae12641a66ee90f77af7f9838f0a806de9a9eb4566218aa31a6bb4ea0eff000f1212ee608ca501b5f04ed0ca24f43d76f5a20cfd03d2f1f599abb70b6fdd752b3bcaa8b8bc6f15d751743c10e9351ac99dee0c1f67216a4c9d9cbaf10921b2d36071d9fec7622a4d18489675668c9303303103a29e86291bc4a71f6578acb16327620950fc570a966d494c19f116a8b1e3f5f3fc74c0ea4bb770758f63af76472dd14c08341ffcee080a6a709fcf729588a114c298e9a162501a7b27a73419fb9d2cf74a0a3f51db236287d6dfe421a05e23dade52b1db16162e9ac23d26e5cb95e25f99718f89ae13849ae7718d4dcee0c7fe058b148d22c618659090d5041ad6eeecc166cebc43833190bea8f37aa87e545a5d02ec69fcc2e2d446a2814bc83588081819451f65c958def70d68a5681d9f7e49b143386b119cdc10ad80d530f5283662ee17c22f46fb953167700eb1a1fdc3a92ad5b2dd1eda3f13c8aeea302612c8de428113d47d060f11da04da0175acf2d19841b7e1e7dd3d45026fca077075969da7af61d27631b7f0a9629bdff6a5e2586e710a19c080d5dc60d6a8c020006971fd82f30c5f2557babffb0bd912e1942ceb693451e371d39c43237e19467da12c3485a2bbb98f508c1177b45e2678dab717e0ff00be2e5caf13fcf155cbc272c20e3706a2fc6e5c6162c58b18789ec86770e435971edea5a152cc53ff00266608abff00a4e8f59ee58d61c0f25feb11c4d0541b46ee1f1453e244fcd7e21d82bdaf02f62c8c2db4d8ecc67229774bb5247b82c13ad44b2d295913dc590c68e2065c803350731e950fe2042416e1ddb41823d3b0297a7c45948dc38091baa8125435514acdc619084824ea67215830579fb5fd9196995535dc5085d85df96b4fe227c5140a2cbeec7ee34a0316a7fee576e0ad67b5fe95d8d773c0d3cc670b2266bf040debd9a0c3ed3f4428160cd48d8bfac79a9737cef732709e230e18f9e0e18f638c77f1787097162c5e4e8e0036c4acaf0318d1979457d15d0add9a98518c686b1531536cd6c50a21b32b78ce980996c0e12818765d3ac046020ac59f5046a20c90f624e7aa4cf88c1d49555ad9211d164fedf987b6e44056677746ff00cc27f8f26d2fd2a6b5fb8336aac665cc08d6e54f632a2e5bca5a4424ba2e0168832ab544ae990ad6fbd4cb3e1674ef6ca0a4764580507617f52d2c0aa231b43f5b2f212baca71eca8cfec99138b6035d02fd59ee5560b38ee4fb02585edba149787a7aabea174c8a4044ccdec7ee1cc54d083174fe97677e6593b52d48f4c2ff00109360a263c9a6bf12d9f2552b2929cc19b859066a7d44e0e1c312773ae1d470c2f878633a8b3162fc02a67ba577999aa1055c0adc4fcd5cf435ff006409d45ca3444a450a97ab46a5784c1acd2c0a38b077114eb3303a4d3de1688757304da06a965bf781a2f108c732e84c5decfbb62f9db9b4bab564c9d85c629417a537302d8845d28208fc8d078cacd4c115e304bfa2d913705a02a680fa36af41ab2ea08598c5fe7dbc5fe606599d3bc0a37afb810403c8f98432eb3a7b10f2a8948237529409d15d2af2e21a02618fa8087e0893158cda6b35d0f4118cf32ebf00159319a3babd16c8a5d60362f087d43626c0beb860fb6df7115b26d375cc43ccb60f45d8ee2202609619ba1f4d2274c46f2080dd015eafa8c5d05b110cea8501d32d55375554446d4951657a52ff005639b5b45255b5572ac3df1734c269e2c37d706e08788c26b81df3dc386319b451475cd618e0e6005b9792e6e64ba93eff00f0896b3b6d1b11dd3a7c6e530028c9aa46dbc877bee67c6dde06e9e7cddb0197f6823a7e92a8bd4b4a191fdf7dc2cb005952846aca10781638d2deab0050d40003444f8ca220654c175743a083b97403ae84686ed2ce0132c7d090520da51bcf9b6674eacb7c1076d202b18b2687f3a6372f01b3457d0068eaa070ea8dc7486d97f0a35b8968bbaadcbddba2340b3733742a10baeb38860b3edd035936b6506ee0b4bc32eed535e078df89489cd94f902df8082eb0514fbe7b45bc62509c542c0363584be9d3ea50d1512a9d1b29aace335eedb8548aba54a6f170d2f125ff00e8f518d0c293bb1067dcbc3f2614e7061a60c1bc37784debf53cfec7ea27e2f1c585de6b7f016dccb01624a0a635fc948e586678217c109b878897895d73831e1e34e5872c781f81533df05c309537821d36740b58cf8599079332abad7a8ceb17388c2af62cacc0136bb1de441f0fd928f2b3786fea80c4b616515e5c300595e093742b36672d6e564c4a204a279530576e63900062870e7045000aab28017eba7c43eb72b6aa4ca8edee51933502f02c27f66825d88c0e4bc536cb0a49b1e49f18ff0044d6635f762fd1ed8448d51315479a35896f0b2150da39c3a8379a5c4061d00795852382340f77793ac7dc600bcc32169d86fd54452776bf115caa0891285dbe4763a4f7108e1afdfc76f34e925c8d22bb823e7f102043a82c70e1c59f6fcc004bd169f9219215306fc5ff00b89ca10c24037eb4c73e49a6300fa50fd297a8c7ee5afb67f712f6707ab58b80970dcac460204613caa3f536e4c75c919df0cef86751e0218780b51a5c781a6e0691d10b29d81ff013306dff00f7e220b00097bffac7c4bd32d3e827d1f48c5996760f4ff47d92a0b1c5b4fa9785dd9ea38165478c22ac2364271f43cd8cf60daeee5151a767558a8eb9058d277f94770ada710b06e3e95923a5bdd5df88753256523ded0ede43103f984b24034a3608185f997fa069b2aa90f0fe252d4ab2adacef7c9563e93b25f3260aecd86fe998783d75c005e15f4b80820b05eace19ec959620018642f874430a11e52d85e96ef786a041bd441b5640d351bb78981eab618d4bc160aade0a6ff35f8cc481198d51c101e456a190f96085d1628f19c7a8b380d900361c5ae403ff006544cc351204ee308ea7534e5d475c919b4675cbc98c12c25b2cb8e8e2085a8043b252c444e29fdffe25e9c3a31b86822e0bfb2fdb5f89b3a0f00828f388b912aa8a7b4bd3e9dccad81d067c3ff52ed1a5532f7f7030f228ab63e9951b57c29059d7ab863c401c3646579983081c3090ac3a05dd7863d57a7a23b60c1cbc5cbee027d415ce2341745cd34f12ac68cf396ea289f313bd54bd11d6bd47105b1303b9a6630b094fe031f6cac96aecdf92fe26550d6dd7b57625fd398018710d655bbaf7e36463c5213ea0df83775e6b4d114e765eafc7899c615481b296bbc84255b0e082cceccdccebbd150bb6c5cbee20001a0503c0750dca42319dc7dc23a9d4d25423a8eb9231dc66b839784822412dea137050acc6f0a714228a1c82d459fd17f1137f60fa659caa9bfce7fcc522628ea8a3fa90f39532083f5fe6305a0a8e039ff100955bc633102453df50eb0255d2e18023a88a5bb1df87644451932bf91a8e15000107fb25e3cbf1c5c953b4eb35294cc7f883357a1826de01315d2bfb98fb481d5b4fbbdcb36c5cc4ce256102b598068546c58ff3ee667ab05db337f9dc4ba10f0bc3d1fd976ba69c16b48a1878bb1b0f2d8fd7a47f006acfe8c02c28d4c56be1535dc616bdbdad2859f4a3f7316bd6f28180f500bab563d4acee286a30847831e1d7275c308cee5c79eb8ee246244820b8307c415b086287860adf5fc90f6809b0f027bd9d9645eab06b9e557f4dc5ed660142f83d12e524da3a60d68446c50b267a62f4ec99f543188aa4016bedaefd108226468ff2ff00a9a66fb4bf518aa10c8b09fa41a93420cfb8a3b4ba63f4304a6f6a87dff9251a01ee24e2b4db440597814a559ea0a85a98f96ae1505fdcb885bdd5e1266d0b1d837fc62a96a86190be0260d3a5b6c36f80f3193774e1b62b8e3ca41a87ec238b6e494ddab03ad4701561c9a5176562084ab14400cfe264f15f536c75184d4dc27718ef9771dc63be19f9e5e2ebe0918971227c04a4c32bbc9129a9d90cec09e7283b224c62e98547ada7e63489e5c3ba06df6f8f7068dd16dbdabb5b9a8d1a43b81591c2523f6f52cec29b81fc8f3e60454a7cff00f9ee693ecf31811b4523d9d9fa9bbe59fd8fe330b6e5296d78fd751e2a1d2dbdac12ad1ea8c37d1f5e65150928b3d8edfa85940b223f0c03e2612d59ff007283055ddb4bd09a99af6b0a0d9efdf53039f610fd8c4da80a5ff55971ff0089fed1ca7ea26c0b06e286d98b998ffc117cc1b08608c0e42382751c1cb1d70f2b81e5e2e6f949512247836f53d12f2ccb1453f8ea0d841f11d7646ac5f881db8149071413f5000658b0fa4cef1608553ff71d9612e6879659f988a9ae7f5ea185b7777f9635214abed47fd452e085dbcf88a74009642c728dd47d62075b9e80fb36f50081110a20a5e1c5192201941f4c747484a5af4c9f88c305d16f08374d30cc86713548850eeb112a456b697b20e071fd94cb3c06a1f410cde51d70b15db982b2c6d0579e7a84f70f335b8ef959df1be170f170e13e0f09122448918149e882de26ec40d05fa6661fccd95f531d4f6428bf14e5591ded950d38e8f2c60b52f19c76a1abeb223c13b28a6a518cf0489ffd86510b5dc1c0d2f05ed50d542ad32f6ca45077631c1491f5926759677503974684dcc722dd571309076688d4683bbb32b93f6428d53f3940ac4b3cc4d0d10858c42189a706b809a9f716a6df81971cf0bc8431be4e1e6fe152a25c495286556786322f50fa86d1dec8d2d1bb32c4c2cc830149eab93ec4c4067d0ad086559a616eff00d908d1132847f61fe2189c52a01ef3d40b83c062fa1e89de4fb8ff00c7a1ff008481d7e84d297d103d08285129f71c22530dc54db2e05b6b115880f52d0303be2a7d70b5f059b8f2bc540969178308dc03c5cbe2b9be2f8ae121822461961f483b488ea2ee7b11f14a5ea537c1060b2da8a82f2fdca1dc59a228c058794078b959953cb88538cbc545977cac5f82c5e380b872f07e766c2a5061c40c1ed37c5c1f85f24b8c7702e24ae1dc6622448913d44cac29157d40637333a0c329494253e2232a591060e2971584ccae3517e0b2fe0b17e2332c13b442a44de3501f8dfb4004de1809606165404638b832a53c77c33497071cd79899892be18986512894408fb442512a541087b80c4546099950e60688638be70458bf058bc1c995ea3748566a08d42110f512087667e4106a1283f74041a3ee065080f70790a651180951d32e2cb972e2f3528951254a666661771bf8f6810e20c5c6d73c5c59838231659c165cccae162b330515e27f1156a0b70451573d09040f11313ce362220d23052c1d2c03edd8f867dc008126104c300c14d4f2c13e01b8f172e5f172f12e5c597c6397e34a8245897646e5f20a8ce6cb965952b948904f229e2239a99360f8498dc2596d6e10310235c6d544bdc241a263d90ad21d2c312e476c1402fb860c53ee12613a74ec27858486638c18b2ce1e1e2e5f25cb972e5c5972e5cb98a184c352965dc1cb77c1528ad438654a8367a637888f504dc019a8150910ac08596ae1608212b94cb1a9e412fd4bf48ae4622906ea787ac5c4850eee6649ee1c25fb8598bf995700e9354cf225233688f88e25cb972c8f2f0f2fc7bf3c402a2145078669685b34dcae03839eb9ea868036d13ab41d4763442ae5be68422e32e381cb8f7452a8d0ed1ac59f5285737057a94e1642c843a5810683b1950bdee12513f304293f32b31fdca3c67509da107ec8a44c61718304f0998acb972d2e3f00182cb65dd91145b1422ad41c2f960f881e39018180ed9b513ff410553f99ad520e547830ca780c0810e31df11f12d0b5a990b203adcaf495acf712cd4b730f4b8651ef337f54c58a63ee551f9a55157dcaac3f704287ee0a64fccebbfb9d527508aec837641bb267dcb62dc14958988e0081808120651878207c420080944c257b48ed09b313a17ee1a170163396419d19eb9e8f88f9a8108726ea2f899751af512e895ad20cd933c6a66d10d94c934e1971b0f843dc79be8194ff00b929ad27dca4298381894d67f72bf0fdc28c3f73aa7ee749fdcea3fb8fff006457fba23a7ee792417b879e1e59ed9ef9ef23e721e347c088f5897583ebfb9d53f73ae42306764b3774d03515e585b23f99e995f53d328f8634f105418873d4b8ef51218bc71b2ea314992d9f5a51996917e22c8338dbc84d3d43d617353e90f58235644f83f98811bd86c57b7e66dd5fccaca7ed01b24db9ed31e781f9c0f380641859a8752d2ed11d221d7bfdcf2e7e61b2e0bff2a3dcbf32cdcf54f444ec87e27ae7a67a61789e8e03e40102695cdcbe1c388f6d11f2a9d2310cb1c7b88f352cab15155c52298fac5f116752fba9b6a5fc7f5815a9f5e5107a4205e21d2a02149e89e996ba9ea9e894f511ea7aa62d4f44f4cf4f0faa64d4f441f1cdfa67a67a6533d5f1c4152ae5a0c3e545e25b78808e235e3196dac45e093ea169944b5c58e08a7501d45dea5fc4fac4f11717e2566a1e93d33c787a65bc43d60fc4178863a83e264d41bd43d67a27a65dd4f445f1293502b53d13d53d33d13d12aea0f89e99eb9e89e89e895cf57c79480842662ccb7c85353c041ac935900598ae813351116ebf92f8e941da83dc769451d47c52f7a8bf131ea5bc4c9a8e709f443d21e90f49e89f487a4f4cf4c3d263d43d27a27a67a22bd46f13d33d331ea7a67aa7a27ae7ae7a67ae7ae7aa7a3e2201038af82615f1f54b5d4bba84e901a54db33d5420a80f0e10bd4b22d62d35180c2c5ef5177a8be27aa1eb05e21eb0f587ac3d60bc44f13d1326a1eb30ea7a67ae29d4f4cf44f4ca3a98353d13d33d33d13d73d73d7cafa38492021087c49943e297a875a9f4841753ac4b36a362a44f13c8408b3a9e995bd47d678497212f30e30de0937237b83985a6a0fc4fa44e0bd33d13d128ea7aa7a21eb3d133ea7ae7a67ae57d4f5cf47c83420205ea54204aa95884a8f0130619f8d2e04b9083102e22109438cc083366f8e2fd70431ae132f98e0fc22ca6b8d7f1d2c8d6e001c625950e203060c18301010438010212be3b41cf3dc33087c3ffd9, '12', 'asas', 'asas', 'assa', NULL, NULL, NULL, NULL);
INSERT INTO `users` (`id`, `salutation_id`, `firstname`, `lastname`, `email`, `password`, `phone`, `passport_image`, `house_number`, `street`, `city`, `postcode`, `email_verified_at`, `remember_token`, `created_at`, `updated_at`) VALUES
(4, 1, 'Harry', 'Ingersoll', 'HarryMIngersoll@jourrapide.com', '$2y$10$sqYQcD3.rPKHvnYj0ZGPLeW47J5YTNmI1kbzZ9jqJDKKCrM35BlI.', '07972978232', 0xffd8ffe000104a46494600010101012c012c0000ffe100564578696600004d4d002a000000080004011a0005000000010000003e011b00050000000100000046012800030000000100020000021300030000000100010000000000000000012c000000010000012c00000001ffed002c50686f746f73686f7020332e30003842494d040400000000000f1c015a00031b25471c01000002000400ffe10c81687474703a2f2f6e732e61646f62652e636f6d2f7861702f312e302f003c3f787061636b657420626567696e3d27efbbbf272069643d2757354d304d7043656869487a7265537a4e54637a6b633964273f3e0a3c783a786d706d65746120786d6c6e733a783d2761646f62653a6e733a6d6574612f2720783a786d70746b3d27496d6167653a3a45786966546f6f6c2031302e3130273e0a3c7264663a52444620786d6c6e733a7264663d27687474703a2f2f7777772e77332e6f72672f313939392f30322f32322d7264662d73796e7461782d6e7323273e0a0a203c7264663a4465736372697074696f6e207264663a61626f75743d27270a2020786d6c6e733a746966663d27687474703a2f2f6e732e61646f62652e636f6d2f746966662f312e302f273e0a20203c746966663a5265736f6c7574696f6e556e69743e323c2f746966663a5265736f6c7574696f6e556e69743e0a20203c746966663a585265736f6c7574696f6e3e3330302f313c2f746966663a585265736f6c7574696f6e3e0a20203c746966663a595265736f6c7574696f6e3e3330302f313c2f746966663a595265736f6c7574696f6e3e0a203c2f7264663a4465736372697074696f6e3e0a0a203c7264663a4465736372697074696f6e207264663a61626f75743d27270a2020786d6c6e733a786d704d4d3d27687474703a2f2f6e732e61646f62652e636f6d2f7861702f312e302f6d6d2f273e0a20203c786d704d4d3a446f63756d656e7449443e61646f62653a646f6369643a73746f636b3a66633132666364662d373666612d343739342d616531642d3266313135613336323766333c2f786d704d4d3a446f63756d656e7449443e0a20203c786d704d4d3a496e7374616e636549443e786d702e6969643a31613132386138332d313563392d343635332d613264322d3232396665356537633262303c2f786d704d4d3a496e7374616e636549443e0a203c2f7264663a4465736372697074696f6e3e0a3c2f7264663a5244463e0a3c2f783a786d706d6574613e0a202020202020202020202020202020202020202020202020202020202020202020202020202020202020202020202020202020202020202020202020202020202020202020202020202020202020202020202020202020202020202020202020202020200a202020202020202020202020202020202020202020202020202020202020202020202020202020202020202020202020202020202020202020202020202020202020202020202020202020202020202020202020202020202020202020202020202020200a202020202020202020202020202020202020202020202020202020202020202020202020202020202020202020202020202020202020202020202020202020202020202020202020202020202020202020202020202020202020202020202020202020200a202020202020202020202020202020202020202020202020202020202020202020202020202020202020202020202020202020202020202020202020202020202020202020202020202020202020202020202020202020202020202020202020202020200a202020202020202020202020202020202020202020202020202020202020202020202020202020202020202020202020202020202020202020202020202020202020202020202020202020202020202020202020202020202020202020202020202020200a202020202020202020202020202020202020202020202020202020202020202020202020202020202020202020202020202020202020202020202020202020202020202020202020202020202020202020202020202020202020202020202020202020200a202020202020202020202020202020202020202020202020202020202020202020202020202020202020202020202020202020202020202020202020202020202020202020202020202020202020202020202020202020202020202020202020202020200a202020202020202020202020202020202020202020202020202020202020202020202020202020202020202020202020202020202020202020202020202020202020202020202020202020202020202020202020202020202020202020202020202020200a202020202020202020202020202020202020202020202020202020202020202020202020202020202020202020202020202020202020202020202020202020202020202020202020202020202020202020202020202020202020202020202020202020200a202020202020202020202020202020202020202020202020202020202020202020202020202020202020202020202020202020202020202020202020202020202020202020202020202020202020202020202020202020202020202020202020202020200a202020202020202020202020202020202020202020202020202020202020202020202020202020202020202020202020202020202020202020202020202020202020202020202020202020202020202020202020202020202020202020202020202020200a202020202020202020202020202020202020202020202020202020202020202020202020202020202020202020202020202020202020202020202020202020202020202020202020202020202020202020202020202020202020202020202020202020200a202020202020202020202020202020202020202020202020202020202020202020202020202020202020202020202020202020202020202020202020202020202020202020202020202020202020202020202020202020202020202020202020202020200a202020202020202020202020202020202020202020202020202020202020202020202020202020202020202020202020202020202020202020202020202020202020202020202020202020202020202020202020202020202020202020202020202020200a202020202020202020202020202020202020202020202020202020202020202020202020202020202020202020202020202020202020202020202020202020202020202020202020202020202020202020202020202020202020202020202020202020200a202020202020202020202020202020202020202020202020202020202020202020202020202020202020202020202020202020202020202020202020202020202020202020202020202020202020202020202020202020202020202020202020202020200a202020202020202020202020202020202020202020202020202020202020202020202020202020202020202020202020202020202020202020202020202020202020202020202020202020202020202020202020202020202020202020202020202020200a202020202020202020202020202020202020202020202020202020202020202020202020202020202020202020202020202020202020202020202020202020202020202020202020202020202020202020202020202020202020202020202020202020200a202020202020202020202020202020202020202020202020202020202020202020202020202020202020202020202020202020202020202020202020202020202020202020202020202020202020202020202020202020202020202020202020202020200a202020202020202020202020202020202020202020202020202020202020202020202020202020202020202020202020202020202020202020202020202020202020202020202020202020202020202020202020202020202020202020202020202020200a202020202020202020202020202020202020202020202020202020202020202020202020202020202020202020202020202020202020202020202020202020202020202020202020202020202020202020202020202020202020202020202020202020200a202020202020202020202020202020202020202020202020202020202020202020202020202020202020202020202020202020202020202020202020202020202020202020202020202020202020202020202020202020202020202020202020202020200a202020202020202020202020202020202020202020202020202020202020202020202020202020202020202020202020202020202020202020202020202020202020202020202020202020202020202020202020202020202020202020202020202020200a202020202020202020202020202020202020202020202020202020202020202020202020202020202020202020202020202020202020202020202020202020202020202020202020202020202020202020202020202020202020202020202020202020200a3c3f787061636b657420656e643d2777273f3effdb0043000503040404030504040405050506070c08070707070f0b0b090c110f1212110f111113161c1713141a1511111821181a1d1d1f1f1f13172224221e241c1e1f1effdb0043010505050706070e08080e1e1411141e1e1e1e1e1e1e1e1e1e1e1e1e1e1e1e1e1e1e1e1e1e1e1e1e1e1e1e1e1e1e1e1e1e1e1e1e1e1e1e1e1e1e1e1e1e1e1e1e1effc0001108016800f003011100021101031101ffc4001d000001040301010000000000000000000000020304050106070809ffc400411000010302040306030605030304030000010203110004051221310641510713226171813291a108142342b1c1155262d1f03372e11724921643538225d2f1ffc4001a010003010101010000000000000000000000010302040506ffc4002c11000202020202010401040301010000000001021103211231044113052232516114427181233391c115ffda000c03010002110311003f00f62d729432281050014005300a6014802800a002800a002800a002800a00298050014802800a0028198a00cd00629005318521053185001480280334190a002800a60140050014c02800a002800a40140050014c02800a002800a002800a00290050014c028008a4c614018a0028185001480cd06429805080298050014005001400500140050014004d0014009ce9fe614ac74c4979b0aca5402ba52e414cca5e6d5242840a763e2c41ba612e642ea27a66a5c95871665170d2b6711d3e2a392071687647235ab100334082800a002800a002800a0028198a00290ccd064298050014005001400500140013009e940090a04c4ebce958c6ee6e99b700bae04cf5a4e490d45b351e2eed2387b875b705c3ea5bc91a3691a93d079fe9529e648b43c7948e0fc79f684e3372f0b3c2d865bb0da44662d77daffb8903e903ad4be66dfe8e85e3c57f26b8d76e7daa396c1bbdc470a6d51e22cdb24abeba4f9d37397a638e28fb444b9ed3b8daf1b4a1ee28bc6f59cad4247be51a9a9b6ff651452f451e29da2f160504ff001fc68e910874a796b27956a0ad6d8a4d47d117fea37183e94b7718adfad2a032876e1454749023415ae31fd99e4d7a2baf38d71569c52578a627a8f1774a549e83ff00e5155a43e57d961c2dda1e3d68b529ac6310b6083292fa16a3fac7cc561c3f91f35d51d23867b77e24b4bb6c5f5da7126011993912da889d758fd6b3ce7160f1e392e8f4770171ce07c5d645dc3ae3f151fea34e405a7ce3a79d7563caa47165c2e06d6351562014005001400500140050014018a066681050014005001400500140182637a0651f16f1059e0b644bebccf3901a691aa967a01eb02a539a48a63c6e4ca9b4c46e6e2c9575885ea6d90924a9ab650023a29c3a93d6205614b5b2ae2ae9238b76a7daff00f0f4dc37835d23bf595252f485772d8e63966541d79002b2ddff0082f1c692d9e7c3c438ee3f78aba3745ab69f13eff88af5d8499f61526d27496caab6aecbd1736add990f2dd5e5d56560893c840daa0d36f68b2a4bb2aef711b25087d2023c8c7cbad692661b8b23f7986ad5930e712d29421656545607eb14726bb1718fa242916c873eeacdca54569cde254a8f940e5ef4fe5b541f1d11ae95765329b671e277f0c013c8f5f6ad466fa3324476b29243d76c21435294c08f6fda936ec1244975eb76adf28b3714f8323f0c9206ba91d7f4a5c9fb669a5fa18659c45c77bf4a9e6d6754b6a71234f49ad292f661c5be8bfe16c7718c16edb758586df6ccb6a0e290e24f383cfd260d34d3d8f7d33d33d9bf6e563899630dc7984da5e984877bcf039e7e47a8ab47357673e4f1af713b4db3cddc32979a505a14252a064115d29d9c4d53a1ca620a002800a002800a002800a002800a002800a0028030b39524e9a50346a5da6f185b70870f2713b819c29d436120f88c9d6073d26a53935d16c58f933c8fc7fda7e218ce3af62af2d4864aca9b6127f2ce899df61ac7535cb26decef8c5455229ef3b40c7717c3d8c3d776b6eddd529c5b68394213c84f3e5588f26e87a5ba348e25b955ede776e0522cdaf12a07c67a7bd5b2e9a48c436ad96368c12f309b91972a4776c27e16cc4cc733b7b915a8c52d206df63bc4b8a5b3010d819fba73bb424180a540927dfe829b49186d95d6aa63136d5dd2b2949d1494931d4ff61cfd28fb687bb12a66dc3a6d6d029c5ea14b51e5cc9ae77b7a2c912f0772c6dd6faac4071c69a502e1d119a761d4ebccd69e3bd3172fd10dbbbc66eae72b21c7d20f8d61a212a92600f2f3a4f1d2d829596d6d689b6097ae586d0efc486e7e12362a3d3cbe759e4fa1a8a21dc62a9536b0a4a5c49925c5484a8f97335851b76372a2322f2e16a4a5868b69d4a8a53062394e9ef568c63ed93e4fd22f585a56d25bbd466ce004e6527303d040deb1a4f46fb5b2cda699b86d2d7de1a547f31cc41f233ca94a46a303d19f666e2dbd72d5ce18c49e53e6dd214c38552426751e636d6ad8322ba393c9c5ae47764ed324d769c214082800a002800a002800a0028033400500140183a09a00abc5ef1db36d4ebc942988d627327d3a9f2f5a9c9d148a4fa3ca3f689e2e5635c54d61cd3a936b8784b29854a54b3e22af50084fcea4dbecec84546270bc56eda5b1df235477aa6571a441d0ebd35acf0bd9be74c83c337c5dbb75b7e0000c758dfea22b58f1a5231393712c9b712e6252a032320baa13f16503fb8f952c8fef358d7da6118829ab92e2d652a5dba9739bf3124fd23e9594df636d1a65f626ebae3b6cda8294e385085ee07530763122ba387b22e77a372c28316582f769761f704372b8207e651fad46d55965a35fc67896c1857dcec73bc84ffacec4070f403f94721ee7956e181f64e7992d0ce0f89dc624b434f290c30144809d209e7e64f5dfd29e45c58637c96cdd30f3717a3eef8794a186465d0c04c7f3aba9e9bd45abdd964fd2255d5b3258eed19ae1d07fd36d3a69d49d87f915195b29149235fbd7d566a5aee5b827484ca88ffec74f956636fa13af63d60c8ba587d0a286b2824954a8fb1d07caabead99afd16d950080cb25509f138e2ca5b4f909d547d2a6d9a4bf4577fea372c6f1366d3090b925646a01e87a18ad2c4df6c5ceb48dd784f89311c3ef18c5b0f76e2dee19d9c6d641293c81d88ea0d4e9c7a66f4d533d6fd8d76896fc6361f757c14624c2029c498fc41fcc23ea39576e1cbc953383c8c1c36ba3a2d741c814005001400500140050066800a0029818a4021e220273e59e749b1a39bf6d7c46de03c217afa6e9c25bc9aa7c446bac54323d68e9c31b7b3c47c4fc4e9c41dbebf4bddf171c2bcf119b51063969594db4933a7a35db75972ed6e662bb47d598419c8beb4e3f893925765434a7f0cbf6fbe4907314295d419833ec3e9544f762a361c28eb7107c2a68a4691a120fcff00b54327e56571fe3b28f885f72d2f587837990dfe12d23652140c7cc1556b14792689e46d34caac210976f5f7a612a2066e6475f298356caea2919c71b9364cc6b117832e01e10ea82401c9103407d3f4ace3826d58f249a5a28ed70fb875c536841308e49dc4eb1fa574b9aece658df459612a2d2724e5912b81f08e82b972bbd9d78d52369c33187beeddcdba85ab2d9d81cad8eb27afebcaa5b4fb2dfe0b7b4e28fbcb22d2cdd4b493399c5360a9679048e5cf7db7e5546ad7dc62eba183842711bb02ddcef52a50cefbaf4a95e93b247531e553ad68d24db2f30d5e0d688186e190e3a3fd571b4823ff0023a0a9384a7ab2a9c623788db3172b596d69ce241538e08cc3902449f944d63e2687caca67b0c602e1db71de44e7493b79c7eb4b9b5ab1704cbac257f760945ba908046a17f0abcb28de972ada1a8fa37ce09c7ee387f19b1c62c9492eb2e496d2a20c734f982391ad2935f704a29aa67b3f86f16b6c7305b4c52d15999b8692e24c8e636d398dabd184b92b3c8c90e12a2c6b64c2800a002800a002800a00cd0006801a7dd43482a5a8003a98a4dd1a49b399f6afda0e1982329b545f2cbdf12db6150b8e84fe5f5deb9f26448e9c585bd9e68ed038f2fb8b1ab8b5b939ad8a72a5bcca3099d27a7235caf2396cec8e351d1c52e32b37450dfe20427294ab5db51ea239f95563275b272a1db3643aa22cf348301b29120fb6ff002abaa9744de992af70f72f182879b39c68acbb7a9079fa5655a1d5861014c2fb879c0551950a2343fd8f2accd59a8baec313b11776672b44bc8f014732099d3d3e95b8a148abb1c3d36f78eb72acd025397526351afad666dd0d2566316c3c2986dd6907694f9820023e94b1cddd314926ac7b0b5316c84ac2e4a950b6b2994f5851d23caaca5a31450a93f7475fd3c45c84246c47f91449293291d223dd2dfba5a6dd072b2def1b4f58ad438c5727d989f293e2ba2d30f7536cd945aa4678f13cb12a1e8369f2d7a9a8b95bb65a314909bdc5aeae1a16e97dc4b00caa14495f9538c12ec6dbe8b3c33117db6d286bbc6d0a9f0b6a0144f52ae5ea75e9536e99a491b860f8ab09b55b7dd5a9044951512a007551e43d8799a2ee340b4ec6319e20b4b852422e038b47c4a202108e52ae67c86950f81bd9b7968c61d7b6570322ef983aff00edb511eaad269bc34b42e766dd66bfc1406c20c27c2401e28153aa37d9de7eca5c4ab4aaf385ae0a9035b8b6428cc6be21e5c8d7478f2a9716717950b8f247a12bb8f3c29805200a002800a00280334018331401ac719aeedbc39f7edae3eeea420c40064f533a40a8ccbe3ab3c5bdadbebbbc5c5b2b11fbdbc559ee5d4f87bc511e1483c8093f5ae2bd9e87a39963189386f058da12f0ca01c8486f4dfccd6e31556ccb96e9105821d0b3de092b39529446bce4ef5b6ad18f66438e32b4b60413b6912284c74cbbb35b886877ad2e3fd9967deb2f2fa28a143c6cddbd0a4b0ca5be84abf4a233b7412c6eac956b62fe5705c670e88cae64201f3ff3ceaf19abdb26e1268837897139335af7eeb6a90ea08d088aa6a5a30d38ec8fe1694a5a35b573f24789a3ce3a899d2a3c356bb35636ab3ca92f5aa5bc8740b502a4ff00c5639bf63e3fa2a71a6c5cb89410d256810020100fa0ad73f63aa2bd8b37c9534592428f8143fcd69bc8a838ecb1b4c19e7414a9a5a521b564f33d7ce6b1c8a3fe0b2c03855cbc2b6d07f248307715994db1f02c2db852f9eb62eb16ea5b282a40cbcd5ceb9e5929ecb471b64a7784b105e19dca5b74a96a95263723509f4e742ccd3d0de16d1a2e2987dc61efa9dbb5009994a489927706763bd76c32735c51cd2c74ed96185e771b4be1c5a1a041ca9207a9323cbfc98acca2d0b926744e1aef54da1b5a4148208d754ceba13f3ae692d968f46ebd94e38be1bed0ec6f9414d84dc04292e2f4eed472904f2df9f4adc5f16a44a71e49c4f6d36a0b4050d88e75e92768f25aa154c414005200a00280334c028033401a5f6bcf5d5bf075e26c924bcfa7ba990202b7d4edfda6a19b4b47460ae5b3c27c4cd5c1e21c456e2d2b5a1d292a9d882663e7bfad70cb491deb669c2d57641e7d5a3974e96d12360015123e5f2abadaa26b4c8dc3ae252a43f0020980143e23bfcb9935b6a9995d59d0385b85dac6545d75339e000afcc773ed5cf96548ecf1f173ece8763d9fe0f6686d2cdb87ee4989df29f3d7e9bd70cb23eecf4b1f8f15d236ec2f81ec8349ef109903609a16568a7f4f12f6cf803065364396a8502083020c552396c84f02f46a5c51d913616576655dc956642d3ba0f434fe5945f667e08c91ab1ecc718092a0843ed9d0028ca49e7a8ae98f92d9cd3f15235dc4f83f11c3d4a42ed56d379bc4809c91fb1a72c84fe0a453af82bef6e9798b72120ee248f4d85639b0f88dd3877b2fb8bcb7662d561a246773f3373b11cfd45679b36b1d766ed6bd8fdc59b2da9192e5235c8a1067a850fdeb2e6d1b58e2c9f6fd961b79752d21b5af52068331e7b6fd6a72ccd168e18b25e17d9faac92e85ae43c54b5413e09e4073a8ca6d9d11c4bd0f0e1940ccdad801b5823288cdd09f5d054fe4a2bf12670fed8782dc65a743442c074ad2a08e6753fe7ad7678d9767179582a3671bb3b6bdb5bcee03fdca67c68099cdff00d799e9fb57abc93478dc38f46dd84628fdab89d5c39c6552d6dea0f981fdf9d73e6c7eca629ee8dad0f32f22def1912ea08104ff00a88e80f3fa6d5cf0d68bcabb3ddfc01889c5783308c414654f5aa0aa046b106bd2c4ee28f27346a6d17b542462800a002800a406669819a002802978b70e5e2587a6dd33198930904ec769d2a73568a6374cf1376b1676187f1bbf85db84a477eb11266609249ebb7a935c4e2dc8f462f4bf9399712365ec3b0f5b68298796a20192771b7a7eb5d118b4a9126ef656d958ddfdf50871a0819c2d79441067a721e5e7e5599690e3b747a27b35b050c1db75db650cda01a4c7bd795e4643dcf171d2d9d12c2cf22428a12931a01f94572dd9e8517368c683c3e94207a2ff000eb7ca91e1ab411cb9a68b54daa14985201079574281c52cb4c6c60b6d2549464f4315b8c289cb3df645bde13c36f104bcd85129824cebf5aa28e8c7cd4f48a2c33816d5bbc2b6d03b804f856279c48ac28b6cacf2a48db98c3eded8250db684a412488f28a6f4479d8b5244981bd49b289919c48cb076e5e550932d17ec86f23de2a32674c195b72d80a2427e2fa545ba3aa3b344ed0b074df61b701b4a6436a209eb156f1a753467c8872834794388accaef5695b5f889514200d14a3cd27cc57bb1767cec977658e0452f5896ee0296948cd99533979edac8d0fa75a6faa66293d92f0b7562e1768e4774b50c8e362527fb572c953d168ecf7ff655682cbb3dc0d8ca414d9a244f3226bd0c3f823cbcff00f6346cf5622140050062900520334c0290053003b50c0f0b7da46ddc67b4ec694c80d869f27c4260a90954fd6b8e4d2951e8c5b714d1ca2def541b43972b10d80a133e1e53ea69c654c1ab546ddc0f628c53126c0b595850592a339ba4fa5673cf8a2fe3439491def87984336812982126040dfad787925c99f418f1d2365b54a4c4f2ac16e8b7b66a489daa88c4a545dda10220c55a2ce0ca9b2d585a4a606f5d5191c338bb1614336e4f96c2b7661ad192424473a2e8495884280913b9e46959a6980428926743a0159a1f240a0809120d29502b634e21390e835ae79148c9d95efa44103715cf23ae0cadbe0024f2e9350923b309afe2294aadee33a67c26279d3c4ea45737e2794bb43c3d7678e3f736d0405660075419d3ce2be8703e51d9f37e4ae3223d85ddb2ae1a43610953873a48f84f3f9d3c93a44e11d93ed1059bf75251e1590523924fedbd7349decaa54cf7e7013218e0fc29a4ea05a36419fe915e961551479599dcd979552462800a002800a4014019a60639d00075a407917ed6d85a6c78e977ee27f0f1165b592646a88491e676ae0f213e567a3e3bb851e66c4d6e2ee9b674fc4585104c8026056b1442726766ec7add20a9e3952549090a3c86d22a1e63fb4eef057dc767b06d286c2500246c0738af1cf7916b6a9829d268a35765cb0acbb9f9569126ac9ac2c8519322aa88ce24fb7742503531b6b558c8e49c2d9310e4f39aaf239dc00b80a481bd1c838d18cd9511cc8e629363e36c429e2047eb5873a34b1d891746359ac4b21af84655720ca64ed5272b46d62ad911e755024183b122a4db3a230446bb5a56d90353b7a54a4d16c716994789c8b57526354983462fc8be5fc4f3871f3367fc45f4dc05a53cd490644eca1e9cc7ad7d178cd56cf9cf262db68d15766b62ecb4a121b82083190ea0107dbe44553225568e7836b46edd91607738ff0015619863a42d2fdc042f91c83533e801ae5846e54564ea367be6c184db5a336edce46d0129932600815ea4552a3c993b763f5a32140050062800a54066980500622800d6901e56fb77879b7b86df420e40d3f9943fdc98f94d4332ba3a703a4cf296200ff1960c9eecb6951f28a8c65516744bb3af76677456e5b2128849212123691b9f4ae6f25dc6ceef0f52a3b9dab7952920ce9aeb5e533df8f4595a295209d86d4b6059b326676ada42b2cd864aa0883558c2c84e7458b0cf86636abc60714e648eef2ac1ad71d92e568024f88fed59682fa303319d0514c7a460a480379a4e2c77620a0ab5898a9b8b66ad223badcf54d46512b1950caf599352655109f504a8ebbe91506f674c15945c46b2d5a29691b739ade2fc8d64e8f3e71c1eff001752d93a156be53fe1af7f05713e7bc9be46a962b71161721f67c4874b2a31f9736954969d239e2f5b3ac7d98ed8ff00d62b3ee53f862dde538123409ca00fafeb5a8c53993c8ffe367b1c6d5d879e6698050014001a002800a002800a00280384fdb1f873f8d700b37c8594b987ba5c569a142a01f9102b9f2f47460ee8f16e28cb6d961e132db4419e704ff7ae6bfb59d6d7dc8e9dd89305f71852cce519cebd4cd727913a851e97818f94ecee4a792d24662948fcc498007ad79e959ed37c4acbfe39c070e529b4dc1b9713bf769240f53b55e1899cf2cf14f6c7b0eed0307b82109bd4a1e2344bba01eb1b555627e8c7cf06fb37fc1f15b5ba4b4a6ee197240d50749f2aa28b446524d68d96dd4923de2ad1a38a698b8954f5a55b337a14a4c03946fce9b8994ff60d20e7db4f4a4a3b1ca5a1deec154c0039cd69ab27c9d185369ca769dab2e00a6ecae7d2a6ee57284f7444954eb9ab9e58f676c1a9416f640bb75942492a4ffe42a13823a71a6cacbc2168ef1b50527a8ae4c98fda3b713ad32971c9b9c35d6c119f298a941b8c8ab82923ce3c677e96b1bee1d30e6701cebb933f4fa57d0617f6a3e6fc855368a4b92b71fbb513a9793e1ebb1fef5d31fd9c8cef1f646610ef1de2b7427f02cb20d7482a4fff00ad189fde4f3fe07a985761c014c02800a00c50066800a002800a002901cabed3780623c41d9d299c3ee52cf72f075e0a3a2d001d3e7151cbb474607523c238b2b3329b7ca4294ec01f4d6b9123b1bb68ee1d90e02bc3edbef0eb2503bb09492353cebcbcaed9ef7890e10b364c5ec713c7ae7eead28b56e9396324cfef35bc6923595b916d81765b818097310497dc3aab523e55d4a491ccf117571d90f07deb5e0b4532ef25a15b7b1aa472574472635ecd23893b2ac7f86e6ef017d770ca4c90daca551cbc237adfcb0fee449639770912f85bb43e25c1ef51698cdabab67404b89e5d411589717b89b8f2ea68ebd82f125adfb0871260289ca264ff009a8a972aeca7c5cbf136169c052994efd36aa2968e694763ae2d2ca3392741cb9536e89c539ba2a9ec6ed18efdd71e4e448064ed113f5ac733a1e07491a7f10f6af83e127ba5216f2c6e949f84f9ff007adc6d83c518becd2cf69f8e63976ab7c1ad0381c31e041241e42938fb6cdc66aea2ba16ac2fb43c4545d71929ea14a80074f3a9ca29948e49a7d8da99e39c1477995b753b1409398573cf1a3aa1965ec9f81f10a31578dbdcda39697304292a490957a4d7164c55b47662cb679b3b5d62ed9e31be53885212d294b33e4b81f39af4bc595c4f1bce854ec4dbde25d0ab940032a5b56fa494903ea6bb7d1e6f67a4fec4f689fe198edead03bc2f21133ac7889fad5317e447c8fc51e9249d2bad1c42a9882800a00c50066800a0028030690159c4d7af61f80dededba733ad34548113ad4b34dc60daece9f131472e68c25d36717c538bf1b381de5ea6f95885a2da587587c09100cc734a86fed5e4e3f27237533eafc9fa4e0e1f62a68f1d5e2d2ae2164a5052d25dcc90a3e2249d2ba974d9f3edecf55f0ea42f04b45800666d264798af25fe4cfa3c7f822eb0e65b60ca4000993a73aa458490f6238f26d3c2c16d3904b8f3c61b40fdcd553b314bfb8d6b15ed39fc3edd1736d67886256eb51422e196d2db2a50124051d543cc695d1f1a8c7948e49e58b97188ac03b646f137addabac231761a7928879bc8e89528a468352091b8e86af93c67151b5f97473433c5db8d689fc417f6b789529096311b656848442db3cc293c88f635c72c4e2f4cf431ca338db11c2ce5b37749ee8e544c94f5ff9a972fd9af8abf13a36197aa7140499df7d05523225970d2b26deb8e167f0d520efaf2a72911c5157b34ebcb00fb6a6df70b4d4ea2649824815cef35691d8b0b93b66acbe1ae1a37ca58c24de2e7c6b797093fdeb70f927eca4b1422ad9b56058ef0f616d8b461581d8c784349ba424cced1d6aeb1492bd1c792507ab66c8ac75a0ca1d0cf78d2fff0071950713f31589ca51f4661e3a9f52126ed9bb67bd6961c6cec526a2e765d6271d3359c7ac5a7036f2524942e411f11f7a84de8e982ad1ce7b75c1ac6e7869fbc718426e1490d6781a824113d76aaf87c9e4a21e7b4b159e7fc1121bc09e0b6d25c980418260eb5ea7ba4784ba3d7bf645b355a702aee5698376b4b80cee257a56b0bdb23e47a3ba24d762670b175b1050006803140050066800a0049a4c0878adb26f30fb8b456ceb651f31a54722b545f04de3c8a6bd1c1b15c1dcb572e426128b8ccdba823c25511af9d7959a1515247dd2ceb24123cb5c57855c58f173b66eb2b6d487425055a03b6a3caad8e4a513e67c8c4f1e468f4ff0cb5dde096488d9a48fa579afb67bb896922c2e92ea1b86c0d4f4dab7e8a38a650e23c0d6dc42fa1cc42e2e1d4b7aa192e1089eb976356c4f673e551f68b7bee13c4ee30db6c2d1750c5bab35b948092d0888db6d4e95d8e6e51e0d9c8f0e272e7ec83c25d9d37c3376bb9b6b92a41b843ee5bb88f03ab6e722881c84c815ac5cb1ff0075ff00925930e39e9aaff14897c41617788620e5eb2e5ada5da882a5b6d04e78ebaeb58cb95bf474e0c50c4ab74456465c512a50425c4801deec402a1b915e76495bd9dd861ad1bc60ebf0852441ebe54e0c59a3ad93ee2e5407c44a48e94b249908624cad4a14f072e10cfde5699868aa013ca4f2a8c7bb2f3a5f6b7456db61697ae8b9c4162eaa754a1873c093d4a7427d0cd7abe3b8276d1c9e5c6538d62968e4af7675736dc50d38309efb0c6dd05e6b2a52a742418caadd20c827ce29c653c6a70514e327dbeffd1cd3c3cdc676d34bd557fb36ec1b8599c1f8558560aabdc37884baa75d28cddc4157c0e20e8a02371b1e74aa0b1a4fb378b065f91b6d57fe973c378862a2e08c5f0f36575f0bddd9cccbbfd42bcccada91eae3872851b53c843ad02069bd664ed1249a6730edc5d0d70ce650f0e7015a6801047d37ae9f13fecb397cfde1a380e0f62a7d2e0648cacee902428a9511ea4feb5df29a5348f2f0e2728b67a6381f87dcc0f86addcc4ef96a21a4e5959f0e8344815e64f24a5b4cfa4f1f042158e11b7ecee1c18f5c3dc3d6ae5c296a51060afe2299d26bd9f125278939767c8fd5210879528c3afe0bb15d879c669818a002800a000d0014001a4c06975291b4737ed06c0337c1e09fc3794160ff0054ea3f7f7af3bc88d267d37d333f3c5c5f68e19dadf0eaef2f70fbd2894a6e1083953a804f33ef51c58f86ece8f2f1ac90bf68e8968d069a43407c000815c874e326a5bcc3c5f4ada283a965495674b851a6d5b48c38d8b1757a910dbe147d77aac6ff0064e58a2bb4457d578f24a9f78907f2831564f5b64dc69e91032afba219d06c57d6b9f26755512d0c2dbb90d5b59f74a53866499d6b915bdb3b152d2367c355f808889aa2d12ca89d7042db09e6694f673c153b22d8976dee0e5333a475151849c64573463922582f33c3336a1987e556a3fe2bd28b4d5c59c55c74c5b69524a73db49499046b4dca42693e99256b4b847e090623c42b129b26a2e3ec80f5b052f3ad09f4eb5cf24ded9d51c94a90c84a92c94a826412065da3954ab456ee56734edd992ae0e53d09843892b274004c1ae8f17f3472f9abfe26507619c02d5ce13638bbaf071b0ead452765652424c73e67e54669b9647141e2c162c5194bfc9dab0cc25b7940a939d4579500ec35e42ad8b1c68e9cfe63c6a96b4749b36d2cdbb6ca0425090902bd5c6a9247c665939c9c9fb248ab22266980500140050014001a0029301b58ac48d235ae3cb60f600eb912a654163d363fad726757167abf4c9f1ce97ece6f8eda5bde614b24a738016073d2a2945e23dfda7436d095023f309af3dad9ac4ed168c34328e73bd6cab63cb6338f083ef5a481492185d941d5cf514ea8d734d74615669fcf27f4accb6653fd0cbec04a49d001cea5289ae4553aa5befe46e7283ac73aca2f8d7b65c61e1c4360686348e95b51d0b253243ab742492069e7599a7566231893ad026e1a4a93bf96e2a6959c995b83a64bee940e644a567e46af1b5b4439a7a7d190ea827f11b5255e555591b5b17057a62db7828c04a872da9f24cccb1d197525406f589208ba20dca0851e915168e9c72b469dda6610ee39c257185329972e969693a4c49d4fca6b78a5c1f2339a1f27d9fb36de0ce1e6700c02d70e4252116ec04831a981ceba561a5c9f6473e752a8c3a5a36de1ab44a2dd0f286bae5f7dcd5fc78d23cbfa866729b8a2f9bdabba279321e15546199a62034018a0029019a00298052012aacb1a20e276e9bbb27ad95b3a8283ee2a13568e9c391e39a92f4724bbc2d452f5adc7816825b3ad794d38b68faf5e4465525d32261a16ca1a65d20ad0908519998d3f6a93fd998f6e8b7b62b5786624e914e2cdba2c9944fbef5444e521c55b400ad8d6cc2cb7a23adb254606fac9acd1452d14d8a21dbab8ee19f811f111ccd4a7dd15c6e95b2659d9b36e509542640e54d428c3ccdf46c76784b4eb7981481bd764302923cfcbe6ca0e84dd61a96e02ca751234a8e4c55a1e3f29cba2add65cb2b94bad4f767e215c728f06774671cd169f65e349438d25c44149d6ba62b479926e2e9838ce6db4f4ad7108cebb11dc426640a389af9366140253ac446b4a5434ed902f8a60abad4268eac37d1566f6dadef2dd2f24b8e2a4a1204fbfb524eaacbfc32c8e55e8bf17aab964a10d94173f0d0235d6bba79d645c6270bc0b1cadbbad9b5da361a690da764a40ae9c6a91e0649729393f64b6f6ae989cf21e1b55118615a10500148029005300a0028030aacb1a1872a522b1349e37b153373fc4db6ca9a5272bd1f948d89f2ae1cd0dda3dbfa7664e3f1c9efd1a2add4fded6a4194959d8fa570c8f592a745ad9b9000df4de88f632face7ba19809ab59cf91ec7996477eb7539895800c9d34e8396f4456c9ca7f6d05db61a68ac2147a015a93e283149c9d59aea9c363881ef48434efc2e91e107983d2a6d3ed1daa9c4d6b8baef8b5388dbbb815e61d7b6ea7025cb77edca613cc85a4c8f91aaa82e37661453f546fbc3f8b95d8a12fa0b4f2442d04cc1f5e6288e4e3a39b378fca568aee2ac57884b966de05875b5c175e085bb72b504349e6613a9f9d61c9c8b60f1b1c53e52a2635797841b3bf6182e9d8b24907d8ed589b7f8b1ac11ffb20f5fc97f66de5b60dcec2a915aa3cdcb2b9d8e1469023cab6913b119540e551a0ddaf432f23c07973daa725a29096ca6c49420a52a8204cf4a84bb3d1c3fb66302c3adee14bbd7d014b478124f28d7f535a846dd92cde4ce0b847d97982daa5788a9e8f0343c23fa8d74628dcace1f33338e251f6cd95a1a577c11e2c89281574458e0daa88c0500140050014802800a0028030aa4c6865ca948a222bc01041120ef5cf32d1399768766d59e2cd2ad9869a43cde6296d396540c13a570e74acf73e9d91cd35265561efe5504acc8e55ce7a5246cf62e95240499ada7646497b2cda84eaa31d6a89d1cb2b7d10f11b9096f2e6fef49b65f0e3ddb29de7d0b6d41412b1fcb5b83a3a275e8ad64169f4869a09075db6135a6cc395aa6cd8d96d84a3bc2dc2b9e9bd61d327f7742decd993dd92946d436d746a2d7bec1871b49294a7c53aab99a49fa09a72db2c6c9f04c74a48e4cb8c99398983545239aa84bb2913b1349b1c7646b858c994126056252d1784776505e827393a93bfa547b67a716a8b4c0ec6fd586b403410172b0b2a1104c8ae88637479b97c9c29db66cd875b26d584b40e63ba95d4f5aea84691e567caf2cb9160d72ae989c9224a2ae893162b46429882800a4309a041400500140183431a1a72a522888aed73ccb44d07b53191587bd0352a44f9e86b8f3af67abf4d9549a3544101a0a49048315c67b3d975823f2e04ab5fda88b3124595d5eaa096e0c6c3ad523b23c547b292e5f71e24aca279eb54745212a302d56ee89412a3b2a629a1dd9696187282d05dca83cf5154516d9394925a2ddfb5565849f091102b6e04619509fbb272a656998f8677ac3821fcaefa235dd92d32a42c8d24454a5168ae3ca9e98d32eada7010736c15aeb13584cdce29a2d6cee94b198a4a479d69bf67164c4ba1cbb7814739acb958b1c1d95cf3a4c9ea2a4dd9d90824573c3bd5a5227c672e9e74e2b745b23e18db37bb6692cdbb6ca7e16d0123d8457a4ba3e59bb63edef5a465929aae889291213564498aad190a028280a0a06140050209a028280304d26c632ea854a4ca244671535cf26552350ed3ad8bdc3e97d099530fa553fca0e84fd4573e65713b7c29f1ca8d0ed149eec00664ccc570a3dfb2c30a721d120833b5641b2d1a602d0e1923a6b5b8ba4466f66bb8de32d60f785abab5757a48524123df4ab63b97a2b0c1c95d8c61fc616b74b2d22f6deda35ca4e531ef55e2d7a3aa3822bd5966d62f84ad1deaf1061507c52e034a8b7c793a481be25c1da59fff0023d47e1bba1fad693ad1b7e0669ad457fb1ffe3d8377699be60c9dcab58f3a4ddf449f879d3e8c2f886dd80556f7e8298d066906b2dbfd0ffa2e5f9c46adf8c2cd4e06ddb725c24273369d0d466dadd13c9e057e3236fb4585b79a201fa567959e4e454e853cb1dc949d4c73ac72a1417dd65795260cfce91d893138636a7f1ab64080039995e8055b0ab99cfe74f8e168ddabb8f005b7bd6e265929babc4932426ac893155a10500140050014005001400500217b5619a446779d4245624651335065514fc6594f0ae2599215ff006ea81e7cbeb53c8fed65b02bc9148e376775dd3ed36eb8087234e5246d3ed5c5157d1ef72aab2c2dae54d5d8830de40a2a27fce949a3566ced3b9908ca674e5b5233d9171ab46efd1f165707335b8b2f8b270ff06b0bb216cbc8f5a36b03994c83565367a58722974cb5c26cac16b0156ed83b7c206b154c7f76995cd9724636997ffc070179a1ff006eca943fa4002bab863a3ccfff0043cb84bb07302c390939196001a7c22b12847d0e3f50cededb2b556480e290c3098db6deb925fc1dab3b6ae6cb0c2703436ffdeae1014e1f8474ae7e3bb671f93e75c7843a3660d820288099024569a3c5e5e8837ef25bf0a7551daa6ce8c51becab539a789512493ed433aacb7e0d60adeb8bc5804261b6d53aff0057ed5d5e3c2959e47d432db5146cd5d279c292a834d3132434bab4644e4892daaaf1649a1c06a860cd001400500140050014005002562b2c688ee8a8c9154c8ae0835cf2455141c72bc9c2d79afc4129f9a854333a833b3c2579e27132d862ed6da9223e2664e82b8212fd9ede4853b2c900adbcaa09d60c7974aa3d9945ee1370025b6c2480040e80561336d16a8d4c14cd690085b3de20831986c226456e3234b4ed0376ac34654d847522b71957457fa8c954f63a9b94dbac232a4cea0aa45556491294f9f64db7783a885b4131accccd65e59186a9da64b619680943704ea6b0dd929ce5ed925a4e5592ad6a3ec8c9dad19bb7b2214469a4014db16285b35fbd71d79e250ad81488dc9a9aecec492447757a403049c8927993a7eb5a14a548df70cb5458d8b56a8d4369827a9e66bd08aa547cece6e727264934cc80de9a01f64556089c896d8ae889263a2a889b334c026800a00290050014019a00c1a1821970695292289915d1509a2b1351ed29deef004b63771f48f949ae3f25fd87a7f4d8de6b39adfd98b8b30a48fc54ea8f5ae0ad59edcbf45658dea83ca61ff03c81053c8f9d3522745de1f703bd026604d690da362b77014031b8deb691944fb640064914d2a0b2625a429201008e7a55945326e6d0ea6d587120adb1131b55546c9cb235a44a45b370404c0a4e288bcb217dda40d126a72546549b636a239573b3642bd704107e5586ce8c7128ef9e4b082a272848264f3d284d16641c392e5c5edbbef24a13dea4a127d79d494ee697a28e1c71c9bee8ea86bd83e54c5002db126b4909b25349d2ba228949925034ab224c5568c85300a00290e829005020a60666800a180db82b0cda233a2a12456273fed55d8160c0eab5c7c8579de53d247b5f4a8ee52357b66f3b407bd72c51ea49ecaae20c212f7e320776e0d4280a1c0c2651db624fd8bfdddda32c1df5208acabba1cba372c12fd370942f37862267e5578abd18e491b3b0a048063513bd528564842e494891caa91d09d1636d05092a1a83a01caaa99c993bd0fb9912a11198ec2693a251b66140f3f5a948688ef2929324c541a2d14d9ade2f8834d2e73027901ac9ae76e99db05aa442b0b5b8bd7bef7741496819420ebef58dcbfc15d47fc9372045c3200801c4c7cc5382a920c9bc6ffc1d04ee6bd83e50050818fb29aac1189325362ba228931e4ed5430669882800a002800a40140050014c0290a8c2c69499a44775352922899cbfb4c773f1132c7ff1303ea49fed5e5797f9247d07d2d5636caeb16e12241a8a476cb64d5db256883cea89126cd63887094b99c14786790dab12859a8ca8d5edae2e303be487732adc9f1127448eb598ca9d3092f68def01c69ac40256da82930235dc79d752a688f3fd1b2a1d69c5a42d797a9074f2ad0b99245c94b65bcfe11a133cbad065d376483723ba02124a6359d68128eec52efd90850cd06399acc9e8ca86cd531fc7bbc7556b619d6e830a20e83d4f215cf92491d58e0de84e0f86aee1d0f3e4af9935cca0e6ed9d2e4a0b46c8a6db4009426001caace291cf1937d956f80979067f38fd6a4bf23a65b83ff06fb5eb9f2b465024d34264a6855e2894892d8aba24c72b46428033340053031480ccd0014005001400500068029788388b03c114d3789e24c5bbcf2b2b4c954b8b3e481a9f588acc9545c9f46e09ce4a31db395639890c63886e2f9021b2425b1cf28d04ff009cebc2cd3f92768fabf130bc38945936c93afa5248a32cd84189dea888c88d89db256d2a3556fad3a1266a58858377254ca869cbc8d4e5052d1b526b650da6077b62ea2e6c8bcd25409cb97c27d41daa6a53c7ded038425d3d96e9771a2bced867bc8304123d2b5fd47f02f81fec6fbde312cfe3b56aa81061c327a72a3fa842581fec7ecdce254bc33da214398efb4f4da8fea03e12cbeeb8adfbd9df785ba493296759d23735296693d22d1c315b659d8604969795280904e63cca8f5279d65637277236f2462b46d36d6c19442440e75d4a34714f272626e744ef115891ac6535fc0d46866a12d6cee8ab5472fe07fb4d5ade63e8c0f89f066acdc0fa985dd30f78410a2904a15f5d6be89f8bf6dc59f21cda934d1e90b62971097104290a00a540e841e7508c46d931b4c57445126c7d22aa89b154082800a60134005200a0028009a0028039571f76efc1fc25c46ee00eb3886237ac18b8fbaa1391a3fca54a204f502a8b1eadba16dbd239b715f6dfc4dc6b882700e016ff008234b4ff00dc5f3d0b7509e6531a0f28d4f5152cd9b1f8f1e52d9d5e37893f227c568c70ef0edae0c972e3bdb8bdc42e04dcdf5d2cb8f3c7cd4761e434af07c8f2f2790fee67d3f8be163f1d7dabfd9b060c02f31df5a9c4b4b46c16a0a4e68aa224d96ac010236e95b4498a75b96e0c47235a460d6ef5a50bada09333cab346fd1638736a0a49c820f5aaa24d6cbeb662d17aad940ea0814718bf461b92e992dbb2b5dd0d212371229a82fd137925ec753676c4125946be5149e38bf42f966ba632edb30da4942120f231b561e38ae8a4724a4f6446002e95653a6c6a75b3a25a44c5688ca37adb39d776447e40f14935291d10a29b10933a72ae799dd8fa3cb3f68eecd169717c6bc3ad10ee6cd7ac23493ffc891d7a8f7af53e9be76fe1c9fe9fff000f1fea9f4eb5f3e2ff006bff00a752fb38f6d96d61c396381f17bce259094a6def08cddd03f957cf283cf957ab2c56ed1e13747a92d9c69e650f32e21c6d690a4ad264281d883ceb29186c7a988c50066800a60140052031401af71b71b70b706581bce24c6ad6c1104a10b54b8e792503c4af615a8c1cba1392479fb8c3ed5cdbd70ab3e0ac00948306f7113000ea1b499f99f6aafc718f6ec4b94bf838ef1576d1c778f5f01778e5d29952880cb4bee9a1234f0a23eb34d696b46b82f7b3405e2578ebef3b72fade7564952d46493275269d58d7e8e9bf674bd439c49776ae9056e31299df43ff0035e67d531de34ff47aff0048c8964717ed1de6f1191b547215e1a547d1a7a338302840ea47cea91273363b7d520ccc5511cec9edf863603ceb463b24a12093cba0ad99653e2ad65784831f94d659a43f87234100857415a46265ddb054483f3ad927d1292a3105327d29d936809d44b6af534ac12fe46ae144a54248153959482d8d5b264e9b75aca29918eaf28d227ce9b26ac8b703a6bcea522f06555e8927506b9e676e36693c6cda51c337eb5a029b0dab30f2a9e15ff222f92be37679554f04a4a41ca954c0e80ebfbd7d9a5a3e166ee4d9d27b14edcf1fe030c6137d9f18c17328772e2e16d241d3bb276ff69d3d29ca2a449afd1eb6e07ed338378bf0f66e70bc6ed50eb9a2ad5f752dbc857f29493afb4d49c248569766e20e958199a002800a002803c6bda17da6f8b31579fb7e16698c0ecf509772872e08f53e107d055d462bad8716fb38071163d8ae3b8b2eff0017c45fbeba74cb8f3cbceb57b9fd2b761497425952db4296bd14bd123a0a5d9a4868c296a0028110a1ea29831db848ef8e53a28023dffe68b325af01636be1fe2bb2bff10434f02b8fe53a11f29a966c7f241c5fb2f832fc5914ff0047addc7dabbb06ee58585b4ea0290a4ea083b1af99941c5b4cfaec7914d5a2661e884a74d4795090e4cbbb5808de20d5510913da008483ed5aab31744b65b2a1b023d36a68c374317cc85a3c435a01318b290a1223a18a687245c5b8811a19deb688487c0235d283168578e2604fad216869e12249a9c8a45ec1032a4188142426ed897042731d3a5266a3bd111dd535191d11ecafb9052279f3a8c91d51d9ce3b6cc4918776777c9cc03d74430d8eb98ebf4ae8f03173cebf827e766f8f0c8f2a5cb806bd769afa847c8bd8c34340ad0e568923d4d0cca235a5cba871c5289caafa51408e9fd9d76ebc79c1a94db5be23fc4f0f4c016b7e4b8903a2553993f38acd297684e09747a67b2dfb43707f16368b6c6568e1fc474196e1c05870ff004b9cbd1515878dff006eccdd76762b6b862e984bf6cf36fb4a1295b6a0a49f422b0f43b1c9a002803e58dc38024c6fe75d2ba35646b6482accad47a526ec48984a947373f5a6ba18d34ac8fa5597ad31325ad39d1a44812911b8a3a1590df0410b49008dcd211debecfdc60ddfe1bffa72f1e87d9936c147e24ff2fb5795f50f1f7f247fd9ee7d2fc9d7c72ff476bb542bc040d3cebcc48f65b45b5bfc2267e55a445f6585b832083b72ad9864f60ab4269a27216f369712414cd368ca74416daeedc206a291b6ec9f6e448055b7235a44a4486cc9df4e54c9b542965332540f9526c158de5cc4ce9eb58ed9aba14b4e5000d80a6d893b22ba329d44f9d49978ec65ef84695892291223c80524c40a9b565e32a3cbbf68be274623c44309b57b331632150742e1dfe43f5af6fe9de3f08727ecf1bea9e47392c6ba47217c9594b699cca315e951e4d8e2c0eedd5850ca7c2207214c3d156eb9f89912645210fb48051f0c1fd681fb1d6d50929d72aa8680b0c3389b8830829185e378959a46812c5d2d03e40c51c998714f7474fe08fb45f685c3ee2137b7e9c7ad7405abe12af658850f79acb49f687c6968eb9c39f6aee1f7c2538f70e5f59a8eebb5752f247b1ca6b2e0bd31548f1b2e54b23f7aa57b1a448b640488236a121d0e11e2e405685636ee64ac28c08d2292ec07d974e54ebe24ea99e62b62117090a3981f0aa72ebb1e959a0a13855f5d61388b37d64ea9a75a58525493041a1c5495308c9c5a68f597645c7b65c6187a1a79e699c49b40ef183ba88dd69ea0f4e55e1f91e2bc6ed747d1f89e6472c69fe474c65b3009d26b9e8eb6c92d152408223ce866689ac2b488f4a689c913124293a5688bd11de6815189d6b2ca464012a4c09d29ad03698b4e63b933eb40b43884ac999d3d295196d21e4081a7cb7a744e4216e4ab41a8e7596cd4623075dc493582821c4833349a3699cbfb6fed0edb84308558da3a85e2d729842667ba49fce7f615d3e2f8af2cadf44bc9f29628ebb3c897972bbbba71f756a538b254731924f3af76a91f3f26e4ed896499ef34cfaa5bebe66b4f62b1ac45c08642127448f9d240dd15966852d4544c826989160a020246db68690c48294cf41b79d3030148548913d4d65a1a11272efb1de908c950ebe2a1a1e865a49ef277f5a662ed932064803412679d34698920950835ae85462e49523eb486842090911035f9534ccb1e4948512a4f84fc43f714580cbad78b2cc83a8546fe7458a8770abdbbc2ef5abcb17dcb77da3992b42a083e55869354cd26d3b47a4fb27edd70ebc699c2f8bd49b5b9002517807e1b9fee03e13e7b7a579f9bc2fee87fe1eae0f3efedc9ff00a770b77adef1843f66f34fb2e094ad0a052a1e445704a2e2e99e9426a4ad129b213eb581f64e61523433e95b4466871c41dc014346632126279d0314dc89939b5d34da856bb14b62b9ebeb4cc8b101339a286658c3aa4cc4cebb549b2b14c8af3ec30dadd79c43484892a598007ad0a2df4519c5fb58edd70cc2197b0de17522fafe0a4dd1d5a6bd3f98fd2bbf0784dee670e7f314350ecf316318bdf633883b7b885cadf79e5675ad6a92a3d6bd48c5254ba3cb949c9dc9909b4f78b3240427e23fb568c31e53b9012a024e83fa45032baf9cef24024c9da8150e5a2612093ed5918b528954e800a60344a96343400a434627ca8a046437093111b694741e85a51e34c690295051942024c1d47ef4c490ea64eb023c86d42d0c48002b31d41d0d3320a4ca63953a1a1820856e24fca9509f63aa8491066371474342fc39622507529e60f95342636e367bbef06a8ebfdfa5205d11e0a4e8635a74336ae07ed0389f845d0bc2711710c932ab770e6695ea93cfcc6b529e284ff24531e69e37716773e0dfb42e17745b63892c5764e1dde62568f520ea3da6b872782eae0cf431fd457534768e16e2ee1ec71a4b98563169753ac21d19bff1dc5724b0ce1f923ad65c7917dacd9c9494135933ec60a80dc8f9d64a005a27434c42b30cc0c88a0288d8b62f866176ca7b10bfb6b56d2265d70247d69a8b9748cd56d9c838e3b7be19c2d0e318305e277026168195b1ee77f6ae8c7e0ce5f9689e4f331c34b6701e3ded3b89f8b16a4dede29ab6fcac326111e639fbd77e3c10c7d23cdcde54f22dbd1a2ac952b3a8927acd5ce706d25c19b66c18cc373e4298bb25180da6539109f853d3fe685a1d911f58254799e94c08cd00a70fafad082c98da21b88d48e74900952493394d0316d311a98069d087ca4044419a068425232c41a41d0951ca26220eb34194cca3c3cf4268468c94cf3247314d0094a40d44d24a842b71027e54c1688ee809dc11af4aca627460127cf5a763a1483955a833f3a41d8f215fcaacb3d06f5a12fe06d4da426442493b7e5ff8a02f430b400215a1d22763ef49884c29339a67fc9a403b6f77736eb0e5bdc38da86a083047ca8a1ab46d982f699c6f84a03769c457e96c1f856e958f92a6b12c5093da2b1cd923a4cd81aedaf8ec01de620cba4735303f6ac7f4f8ff00459799957b1dff00ad3c6fdda62fadc11b9ee46beb47f4f8ff0041fd5e5fd90716ed778eef51dd9c6dcb74c6bdc00dfd46b4d6082e90a5e5647ecd2aff0015c471078b97d7cfbee13f13ab2a27dcd53ae8e7726d9175001512a93a6bca810833c813aee29b066529d648cfbca47c23d4f3a6810a6c66517144e50348da86c7421c5a9663648a4ccd58d77456a3cfe94fb3449b76820ed24d3024a533d20500094a6093d7e543033002bafbd021b57846c27ce8189cc12933d290116e164aa01147404a41f16e7de8320a57876dff005a698d898f1c12001ce93131c6e635074da9a61425680b92a2677f7a490ebd88eec2768f9d143b12b4e834827514084a5413e11b9de84c0712a213aea98da37a1b15194a0152b218910411a0a0065c6d635089e7e1311ec6807d8de509de26765248a2c106522328113af887e940bd8e250e44e557d3fbd16316334fc0a11fe73a43b3052ae69001eab1ad02310099ce81e8337f9bd0ff0080b1c6d25400c855fef303e4281d0b5b63593298d93a0f95141432e294eaf2ec9e82b431d5785a09063ca2b2d0aec4253276d77a6090f21220e689a1f63145226444ed4c1992903fddeb4ba1581d1263533ce8030b56824799d684046b8704ccc795317b19ce4c93cf99ac9af421b4a96bd850244e56aa3e7e534ec1230990a951d3ca8182c6bb6fad313168279eb1400a541d411a50213bea9e7bd161605293e2cbaf3a4c04b884e6194526330444409eb4c3b30da8cf8c79d311920e61079c514312532612634da90095a52a1e34023d2817f20108267ba4c73d280af629394ac78102790147635b1c4a8c8294a046da4d03052d446e047956404a9c811260f3a60214545272934c053494a4eba6942ec42ca3311d3d69d833284eb23ac5201c3f0cc8d686332001ca6448314099829851291a4694343d0851981a7bd0086dd54184c66a7e84427892bdc6a795301491220564649b740099dbca9310f849009d268b1a12441d093ed4018d951cb94d1e8c8a427633114d0d198e462074a03a084c4c08fd68e804e6d7427ce8400a0279c7a52b030743b4534231a12390340c4856f1941da97421498200e639f9503a30a4c691b74e7401903303b811d28b0a029d8056e6861e8ca53a831407a32b0260536037960e5029218a4a635dcc1a4c428083975914c10472312698232241dfd68b3542828724903ad0205150d8e63b53406332b5911e559b10dad7bf2f3a100cac94e903ca9d80c380e713a49e7ca8b0a24b0d8281226958743ae444488a0638d8274035e7a50c10857841a1201b4e62e4cebbd02ad8ea09805267ad31877a9fca77114509b03b0035e9ad01fc0d898d36e479d02ec5255cd248e53486657264acef4d008904083b5310402a9208eb591818e4280ec56b041e5a4d0c6cc4409931bef3427423324189a2c2cce78f0c0899d779a280c2944a64c4d0331984127a530169482827af21480ce58d083d7da8e801227623e55a040a500751306900b4c04c04fce801a241333bd3030a3a4cf2d696806caa41572a1a010a2a11a6b4c486488549d68125b26db8f0cea674a46a81f19741f152016d933332474a6651852bc5995cf4d699a102124c6e6908378d7d6806255e198d4738a69898adc020981ad6428ca87c594cd3bd07f831a0db9521a14083e641a760d093977039d080160ee410290003a7aed34db03398e43bc72a0662620823e74301399204c834988ca953f3e74c0c90233106677acb198dcc111d29a10a5ed263d68630510797a9a010ae60c4530624ac1301331d6900acd9411113d0d3019cdaec3e547a118510041f9d2b0ba3095052a3304833ac50303a19234f4a68cf4c6892a548d05004d6010849209ebd297b34845c28990001ae6d05026cffd9, '91', 'Broomfield Place', 'STONESFIELD', 'OX8 7PY', NULL, NULL, NULL, NULL);
INSERT INTO `users` (`id`, `salutation_id`, `firstname`, `lastname`, `email`, `password`, `phone`, `passport_image`, `house_number`, `street`, `city`, `postcode`, `email_verified_at`, `remember_token`, `created_at`, `updated_at`) VALUES
(5, 1, 'Eric', 'Smith', 'EricDWagner@jourrapide.com', '$2y$10$ok51H/Rg93.OMctv7hdEKeE.zIeQ.J2nxLwNWBxYSsDdmr.K1LLNi', '02803481199', 0xffd8ffe000104a46494600010100000100010000ffdb008400090607131312151213131615151717161715181518171d1615171515171717171718181d2820181a251d181721312125292b2e2e2e171f3338332c37282d2e2b010a0a0a0e0d0e1a10101a2d251d252d2d2d2d2d2d2d2d2d2d2d2d2d352d2d2d2d2d2d2d2d2d2d2d2d2d2d2d2d2d2d2d2d2d2d2d2d2d2d2b2d2d2d2b2d2d2d2d2bffc0001108011500b603012200021101031101ffc4001c0000010501010100000000000000000000000102030405060708ffc4003c10000201020306030604040505000000000001020311042131050612415161718191071322a1b1d132c1e1f0144252b21523336273167292c2d2ffc400190101000301010000000000000000000000000102040305ffc400251101010100010402020203010000000000000102110312213141510413326114334222ffda000c03010002110311003f00f710000000000000000022c455e157b37d901281e7dbc3ed0e34da54a2df0ddcb8b27926b97adb9d8c5a3ed166ea39548c6493f855f2567f37dfb79a8ee8b4cd7ad81e4f8af69f5270bc21182ceed4af2cb9e716bcbea6057f68b8dca71aad25ca5c367e56d3911dc76d7bb81e3bb2fdaa579371ab1865fd3c29f2eb975fd0ddc17b4ca7c4954cd5ecf2cd2feacbe83ba1db5e8a04385c542a454e12528b574d74262ca8000000000000000000000000000000000003cbbda76fb61e37c2c5f1ca2fe3b3764d7f2e4f55cf5b743aedfbdb5fc3616a493b4dc24a1e36b2f9b47cd95f12a5ab6d2d5f3bb6db72f16de647bf099f6d996314aee39a6b4e9e1f532316e77767f026a56ebc88a33b4af7d559dbebf9965631a767c328bd1b4ae93e5dd3bfcc70b73c9d86c5e8a2ecbc75fb732de2e32b2946d6e9f4cf91465384b938b57d3a732b420db5793b2cbc7b5fa7dc8e12bffc538bcf85377e9cfb9361a50c9b6a59aeb9bbbf969998b5216bd95fbbcedaf37e45cc15e0b8acb9bcf3d15d7efb936223bbdd0de2785a96ab566b0f3694f86dfe5c9e924d2ba57d7b3ec7b1ec6c729de1c7c6d7376bdbbd92b33e66d9b8b766e0dd9dafd33bbb775933d3fd9d6f74635142bbb7c11a70795924db4ade326caf3c173cf98f5f01b4e575759ae4fa8e2ea0000000000000000000000000000060789fb51db6ea62a5453ff2e1f0ae9c59717dafd8f34af6a6db936d5f95b4e9789d36fcb70c65552ba6ea4f5e59e49f6b2599c5ed1c43b4a2df6c8ac5fe0b5938ddf1eb9a57795f3caf9a4432c445bb4af6bdd755cfefaf521a306f3776f251fcde66e607762ad55945d9db2b16b78f6892df4caad8be169abd969a5fb3babdfc897fc4639b6df2e4bf237319b8b5e367c0dacb4b19bff4b54cfe19f4d3e7f52bdd9ab76ea2bff8943f54a5eb66ed721c7621b5683cb24fbe77b1b182dd7aceed41be59ad3b216b6e8568ddfbb6ad6d3b0eecfd9dbafa6560abfba938acf377eefb2e88dda35a2eef35cd7556322b6cb9c6f7e6fa68faa2ce16b70a49e6f4cfcf517ca2787be7b35de1955a0a95459c7252bae79a52cefdae77278bfb2aaee75dc62de9c5e3692d7b7e87b3a1956fb280016400000000000000000000000003e75f6b2ed8fac9b5f893d395958e370fb39d5696b75afe5f43aff6ab77b4abb7c9c52edf02333766379acf2e5dca6af117c4e6c8dbddcd894d5970dedab6b99de6cda518e4a251a14525923570660bab6bd2ce24cf0d18d2cb44415704b3f8517692cb51ee9773b3973e590b076d1222c4d2cad6362a53ee51c45239ea70eb9bcb88de1d9a9c65251bbd6cb99c36230dc17eed5bb1ec15e91c0ef6e1b82776ac9e8f96bf5cbe674e8eef3c38f5f138e62cfb33c6b86368dacb8aea5cae9e5f6f43dfcf9d37053fe3f0eb97bc5f23e8b46b8c3400012800000000000000000000000007cffed870bc3b42a3e538d392f38a8bf9c594b71b02dca53e51b4578d93676dedc302af87af6d78a94bfbe3ff00b193b9f43dde123249714b8a5e6db4be88e5d4f5c3b747db7635e10fc724bc49ff00c4b0fcaa2f538bc542cdcab5495de9146262bdc4a7c34e72f797592bbcdf576b68ba9c33d397c356b76797ad51da949fe19a7e0cbd4f149f33c8b0742ad29b52e2bad7b78afccf45ddfa6e51bb6efdcaeb99785e4967357abed3847f1348c9afbd9865fcfe1dca7bcf83bded7ee973384c5e09d08c6b4e17a729f0acf9a4df34fa742713b91bbdb1e84f7868c9e4f2e6336a60618aa1251b4ae9f0be92e473383c553708d4746d093e14da566d6a9497a66969a9d76c5a704be0d1f226c99bf4af3759fb71becee9b5b430fc57ba94934b5e2517f4e67d0478cee8eceb6d9e1bdb8653a9e29c1fff0048f663567d30ea7140001654000000000000000000001162aba842537a462e4fc12b929436f5372c3d54bfa1fea45bc44e673647976f46d97b4a8ba4d28384d54a793bde3756bdf3ba6d798fd8941ff0d4e2f5e1cfc5e6321848c212bad335e85cd9f53fcb83d325af818bbeeb3797a37a59cebc32713bbcaa4af2cfa2e5e6491dd4a72ab1ad2a579ab3d5f0b71d1b8e8f45e875346717e25952e4863562759fe994f00b39cd2e27cf9ab93ecd8d93b12ed3959225d9f569b8e4c8d79ab4f1156ac1396632bec9534e368b8bd62e29af4791671328df26ae59a32cae467c1a9cb3e3b123649a565a2495976496491253c2a8688bfef482bcc6bca24ae776b609aaeb1116d3f76d3b3b5dc5dd69fbc8efb7431d2ad8684a7f895d3f238fda157382eadaf91d56e4d3e1a0fa71bb7c8ebd2d5efe3fa71eb624e973f3cba100035b080000000000000000000012485003cd36ee07dd559d37f85fe1f0e5f6f1465d19d934ef936b3f53d0b7af04a54fde5b38ebff006bfb3fccf3cc5b4aa597357fcbec63b8edd58f433d4efc4bf4bd87aacd5c355e77b9874245b9e36308de4d238cf15a2de62bef5e2a71871455fc9bb77b2d4e2764ef1d45c49bbc6f94a597d0dcdbbbc0e49d2a31e26f2bf4392a3b2273a7c31e1e36ddd49a5978f5fb1db325f6e1ad6bfe5b54b782a4eb2946a4937946364e2d2f9fccf45d91887285e4acd9e4db43654e8fba95395e71d7873b3be567ccec3656f43492aab85f811a9f49ceafad3b0ab915eb4f2190c64671e24ee4552a1cfe5d3e14f14ef523fed5a777a1e85b0287061e9aed7ffcb3fa58e3b63ec89d5a9c7c2d4725c4f46974ebccf418ab2b1a7a39f36b1f5f72e664a00068650000000000000000000000000234725befb2e9470eeac2108ca328b6e2926d3766aebc6fe475c65ef3e1d54c26220f474aa7aa8b69aef722c9532d9e9e614ea9cfef5e31ca74e9a6f5bbb6b7cec45b236bb94782a6552194af95fa3164d4aaa9def6cadf3b98ee7b75cbd09aeecf08b07b3abcad0515083776dbbc9f97ea74187dddf87fd67e1c31b0aa4dacb231b1f8bc42f879df927a159be5d67198dfabbb8ed65564fc547ec6263363d751945f0c95ee9ddf1acb42eec5af5a5753534bba6bcb33625277b7222efca6ff00ea32773712f8674dbcd3be7e86f56ae926db31d558d39bb24afa94f67636789c7d1c3c2f6e252938a778c639bbf4d1665f39eed386f7d997b36ef52e1c3d359fe1be7afc59bfa9a2329412492e43cdaf3c0000000000000000000000000000001536b7fa157fe39ff632d9536b7fa157fe39ff006b22fa4cf6f9af79f0b38d4f7b1c967c5faf620d99b623c69cde76e7a696b1d66d0c1aa9169e8f538fdafb01ff002656fde466cee59c56dd62cbcc77386c64327d7d0d8a38b85b557ee78c436a56a3f0caef85ab5fb77247bcf36ef76ba223f4fd27f7fdbd92a62a376ef92ee55afb4e970b95f23c9bfea19b6d5db4253c755aabddc6f6e5e7a93fa3ed17f23e9d26d7dbca53e1a693bb7a9defb27d99c15d4e4d4a6e326de5e89f4383d83b01a6b89fa5afdd667aa6e241471092fe997e426a774cc56e6dcdd69e860006a6300000000000000000000000438bc4c69c1ce6d462b56ff79bec04c36534b5691c3ed6df29bbaa31e05fd52fc5e9a2397ab8d9cdb936dcbab6dbf5652ee46de9fe16f539d787a962f6cd1a774e7792d54737e1d0e4b6f6f054ab1715f041ea96afc5fe473f80c65e5693d7ea5bda34fe133753abae7875ff001662f9f2c7a2ae57c6e12e89e8659165ab99f975e1c5637652793593d7232f0fbbd14d5e375dff0043bac6e1cab4a8ab9d3f65e14ec958d87ddba4dddc12f07636b05b0e942d682f32f53a562e52814bbbf6b7649f0651a095b2fd0d5d898cf7355544af64d59f3ba29a7c83848ceb8bc9acf3387a060f79a84df0b6e0ed7f8b47c9d9ae86b51ad19abc64a4baa773c97152b38be798bb3f68ce126e3271cf2b3b1b71d5e638ff0085dd3995eba071581df09a56a9153ef1c9fa6874fb3b6b52acaf0967cd3c9af23b4d4acbd4e86fa7ee2f00012e2000000ab8bda34a9fe39a4fa6afd11c1e3b7a6bcf252e15d2397cf531eae264f5673bb8df8fc0d5fe55d96d4dedb26a92b7fba56bf92d3d4e4f686d4a957f1ce4fc5e5e9a14e53631c8a5d5adfd2fc6c63d41397991dc730b957746d2d4dac0575521c127f125ea8c71aa4e0d34fc3b15d67ba2bbc77469d7c1588553b1adb3f191acaceca5cd7e68b12c1a666b9b192f8bc5614e9dd14274333a89e0522bcf67dca9cb1295cb74cb1fc15993d2c28e13caad3a6d96a1472ccb1eeac55c7d7e08f8e84c88f6cbc7d7bcfb47223c3c72f12059b2c533549c4e1b339e2707a90e8d46b9fa0c60596b1afb3f78eb52d2575d1e6bf4f237f0bbec9fe3a7e717f7389885d969ab19f7f8bd3df9b1e9587deac3cbf99c7c57d843cdd3027f6570bf81d3fba56479f9123436e51bcde2b0b195c2511b6b00b242243a2d3e6097301971927e84b3432481c238ce506a51e59a674fb336a2aaacf29735d7c0e692cacc8d370778f932bacf2e7be9cd3ba8e62ba664ecadb0a568cf2975e4cdc4ce5dbc7b62d66e6f1559d118a05aa912bce4a39b69222c44a8aad926e592e672db4313ef2575a72f02d6d7da3ef1f0a7f0a7ea67c21cce98cf1e5afa5d3e3cd1495899741971c997683bc458c7b0d51cc95440460d8b6ee12d006301f17d3e6048830d5ef1cf21f223c2ac913b61110a979925ee23571bc4d004a958744771dc6c8056ac324ba8eb8d6126b61f31ee2c6710422717aaf434701b5ea432fc4ba3e5e0ca4e4137d48e15b997dba47b7a1c37b3bf4fd4c3da1b4a551f45c922adbb88a3d0892299e9673792c21ea3d2c84511624ba9131f7152c848849f05e43863fddc780b106873422400ec02700019b84c4649685d854392d99897f1293bf0bfcb22c2c7caf6572549af0ea46f099784c6cb9a2f2ad70b4a92d90f88ce3e88136f980ad88df804d79038f400b3632499221180c9256ee36c3f2d046ac126a43ac1111c420ad205112571d900b61188d0bc2127263e3e1e64561c990244f90e6ec47190b0403f86e804b801e7582bf14f3ce524be4ce9f03878c12e6ce73662e1ab24fc53f1c91d0c2af32d5c30d08cbb7a0f83453a750b54bc8875e53ab026c8d343b88252dc711f1585402bec2240d8db84974d04e20b0de201d71b21bc42a012e4888ec2dedc820f15acc6a98049c854267a0e97d0015844ec37890d732058726056731472383a3270aa97269a5db9d8d6a75ae616d2ab6b36f469df9f7bf5f135f0f4dab3be4f47c997acb9be6b4a94cb54999b4e7e45c85457c8abb4abd164b191522c969b0bc5a80b291126c4e30948fc41b631b11c90127191b124f2fb88980ee242376192907c80962c2e4570948212718f52207225a6f984a5e2cc4b88e5711c00572cc8ee875844ba901b1cc0734041cbcfb6a2be5d72366856e05679c1f2e9dd187b55b4aff5fde66c529e5a1d3e1933fcaae539d379c5f9326848a0a70e9993c2b22aeb2b46948b2a464c3149132c65985e5693a822a867ff0013764a985b9586c7b9a2bd873904a79544362f3cc8a3a0ad80f521591f107179012486a632e0e2c20fe25d3d472aa569b19ef181a11a83f88cf8d7b12c713984f2b7e03e31e655f7e4aa45689ab68043889e4bc440abcff6fa51837adddbf6cbfb3e57a6bc1001d2fa649fecab0e232a2b680055d8d736494b3e628022ed38e858d100074872992425cc002e7a63e5a08003653d7b082800e5d02dc80020c9a23bdfcc40092c2190b4a3dc402058a712dc5001020c73c978fe40004ab5ffd9, '3903', 'Still Pastures Drive', 'Pocalla', 'SC 29150', NULL, NULL, NULL, NULL);
INSERT INTO `users` (`id`, `salutation_id`, `firstname`, `lastname`, `email`, `password`, `phone`, `passport_image`, `house_number`, `street`, `city`, `postcode`, `email_verified_at`, `remember_token`, `created_at`, `updated_at`) VALUES
(8, 1, 'George', 'Logston', 'GeorgeDLogston@jourrapide.com', '$2y$10$O404ubn6G2Jed4XxOpV.herx5A34ZkHj9BT.Jg9H6UYfasUe9DGEO', '03970567744', 0xffd8ffe000104a46494600010101012c012c0000ffe100564578696600004d4d002a000000080004011a0005000000010000003e011b00050000000100000046012800030000000100020000021300030000000100010000000000000000012c000000010000012c00000001ffed002c50686f746f73686f7020332e30003842494d040400000000000f1c015a00031b25471c01000002000400ffe10c81687474703a2f2f6e732e61646f62652e636f6d2f7861702f312e302f003c3f787061636b657420626567696e3d27efbbbf272069643d2757354d304d7043656869487a7265537a4e54637a6b633964273f3e0a3c783a786d706d65746120786d6c6e733a783d2761646f62653a6e733a6d6574612f2720783a786d70746b3d27496d6167653a3a45786966546f6f6c2031302e3130273e0a3c7264663a52444620786d6c6e733a7264663d27687474703a2f2f7777772e77332e6f72672f313939392f30322f32322d7264662d73796e7461782d6e7323273e0a0a203c7264663a4465736372697074696f6e207264663a61626f75743d27270a2020786d6c6e733a746966663d27687474703a2f2f6e732e61646f62652e636f6d2f746966662f312e302f273e0a20203c746966663a5265736f6c7574696f6e556e69743e323c2f746966663a5265736f6c7574696f6e556e69743e0a20203c746966663a585265736f6c7574696f6e3e3330302f313c2f746966663a585265736f6c7574696f6e3e0a20203c746966663a595265736f6c7574696f6e3e3330302f313c2f746966663a595265736f6c7574696f6e3e0a203c2f7264663a4465736372697074696f6e3e0a0a203c7264663a4465736372697074696f6e207264663a61626f75743d27270a2020786d6c6e733a786d704d4d3d27687474703a2f2f6e732e61646f62652e636f6d2f7861702f312e302f6d6d2f273e0a20203c786d704d4d3a446f63756d656e7449443e61646f62653a646f6369643a73746f636b3a61336439666362332d343337622d343862662d626261322d3833366663323361646561313c2f786d704d4d3a446f63756d656e7449443e0a20203c786d704d4d3a496e7374616e636549443e786d702e6969643a38653539303565652d633731652d346134392d623132642d3466373934353535323166303c2f786d704d4d3a496e7374616e636549443e0a203c2f7264663a4465736372697074696f6e3e0a3c2f7264663a5244463e0a3c2f783a786d706d6574613e0a202020202020202020202020202020202020202020202020202020202020202020202020202020202020202020202020202020202020202020202020202020202020202020202020202020202020202020202020202020202020202020202020202020200a202020202020202020202020202020202020202020202020202020202020202020202020202020202020202020202020202020202020202020202020202020202020202020202020202020202020202020202020202020202020202020202020202020200a202020202020202020202020202020202020202020202020202020202020202020202020202020202020202020202020202020202020202020202020202020202020202020202020202020202020202020202020202020202020202020202020202020200a202020202020202020202020202020202020202020202020202020202020202020202020202020202020202020202020202020202020202020202020202020202020202020202020202020202020202020202020202020202020202020202020202020200a202020202020202020202020202020202020202020202020202020202020202020202020202020202020202020202020202020202020202020202020202020202020202020202020202020202020202020202020202020202020202020202020202020200a202020202020202020202020202020202020202020202020202020202020202020202020202020202020202020202020202020202020202020202020202020202020202020202020202020202020202020202020202020202020202020202020202020200a202020202020202020202020202020202020202020202020202020202020202020202020202020202020202020202020202020202020202020202020202020202020202020202020202020202020202020202020202020202020202020202020202020200a202020202020202020202020202020202020202020202020202020202020202020202020202020202020202020202020202020202020202020202020202020202020202020202020202020202020202020202020202020202020202020202020202020200a202020202020202020202020202020202020202020202020202020202020202020202020202020202020202020202020202020202020202020202020202020202020202020202020202020202020202020202020202020202020202020202020202020200a202020202020202020202020202020202020202020202020202020202020202020202020202020202020202020202020202020202020202020202020202020202020202020202020202020202020202020202020202020202020202020202020202020200a202020202020202020202020202020202020202020202020202020202020202020202020202020202020202020202020202020202020202020202020202020202020202020202020202020202020202020202020202020202020202020202020202020200a202020202020202020202020202020202020202020202020202020202020202020202020202020202020202020202020202020202020202020202020202020202020202020202020202020202020202020202020202020202020202020202020202020200a202020202020202020202020202020202020202020202020202020202020202020202020202020202020202020202020202020202020202020202020202020202020202020202020202020202020202020202020202020202020202020202020202020200a202020202020202020202020202020202020202020202020202020202020202020202020202020202020202020202020202020202020202020202020202020202020202020202020202020202020202020202020202020202020202020202020202020200a202020202020202020202020202020202020202020202020202020202020202020202020202020202020202020202020202020202020202020202020202020202020202020202020202020202020202020202020202020202020202020202020202020200a202020202020202020202020202020202020202020202020202020202020202020202020202020202020202020202020202020202020202020202020202020202020202020202020202020202020202020202020202020202020202020202020202020200a202020202020202020202020202020202020202020202020202020202020202020202020202020202020202020202020202020202020202020202020202020202020202020202020202020202020202020202020202020202020202020202020202020200a202020202020202020202020202020202020202020202020202020202020202020202020202020202020202020202020202020202020202020202020202020202020202020202020202020202020202020202020202020202020202020202020202020200a202020202020202020202020202020202020202020202020202020202020202020202020202020202020202020202020202020202020202020202020202020202020202020202020202020202020202020202020202020202020202020202020202020200a202020202020202020202020202020202020202020202020202020202020202020202020202020202020202020202020202020202020202020202020202020202020202020202020202020202020202020202020202020202020202020202020202020200a202020202020202020202020202020202020202020202020202020202020202020202020202020202020202020202020202020202020202020202020202020202020202020202020202020202020202020202020202020202020202020202020202020200a202020202020202020202020202020202020202020202020202020202020202020202020202020202020202020202020202020202020202020202020202020202020202020202020202020202020202020202020202020202020202020202020202020200a202020202020202020202020202020202020202020202020202020202020202020202020202020202020202020202020202020202020202020202020202020202020202020202020202020202020202020202020202020202020202020202020202020200a202020202020202020202020202020202020202020202020202020202020202020202020202020202020202020202020202020202020202020202020202020202020202020202020202020202020202020202020202020202020202020202020202020200a3c3f787061636b657420656e643d2777273f3effdb0043000503040404030504040405050506070c08070707070f0b0b090c110f1212110f111113161c1713141a1511111821181a1d1d1f1f1f13172224221e241c1e1f1effdb0043010505050706070e08080e1e1411141e1e1e1e1e1e1e1e1e1e1e1e1e1e1e1e1e1e1e1e1e1e1e1e1e1e1e1e1e1e1e1e1e1e1e1e1e1e1e1e1e1e1e1e1e1e1e1e1e1effc0001108016801a403011100021101031101ffc4001c0000020203010100000000000000000000000102050304060708ffc40042100001030204030505060306070101000001000203041105122131064151132261718107143291a108234252b1c162d1e115243372b2f0253443538292f116a2ffc4001a010101010101010100000000000000000000010203040506ffc4002e110101000202020202010303040301000000010211032104311241135122053261142342337191a11581b1d1ffda000c03010002110311003f00fa786a556e9a81aa8454501543540804090081a0101659006a1a1950d0ca8ba1640ca0100802a55889515021411215544840ac81e43be53f241170cbb840ec80b206020900a098088980824020681d901640ec8863454340594516543b2032a882c553b164362c86c5914220514ec80b20d56ae95880a45a2eaa00a06a8100804020100805035008a1034090081a01408a8ad3c5b10a6c32864adab7f670c62ee7152f4d638dcaea3c63887ed25c2587cee82870dc43107b491986589b7bf892b9dcff0051da714fbaf3bc5bed33c5f3d616e1384e074711f84546691df3b80b3f92b7f8b153c3eddfda136773e4c6e12e9093d8b68e32c6780b8bdbd572bc99fd5759c7c7f71558d7b4ee3ac5e56ba6e23ac6381bb591bc42d1ff00a2c5cedf75d26331f51534dc6988d34c5cec5f14a7a8bd9ee6563c027e6b3aca7aabf397dbaae1ef691c5d1e5f70e24c59ed65ee3b6ed9bf27027e8b5f2ce7d971c2fd3bbc07db3f14b1cd655fbbd58e6e7c007fa6cb5f9738c5e1e2ae9a9fdb8b227815f81b9cddcba9e5fd9c3f75bc7c8bfa73cbc59f55d0e03eda780f1293b29f13761b37365646583ff6170ba4e6c6fb72cb832faede8185623418a52b6ab0daca7ac81c2e248240f6fcc2e92cae371b3aadc0ab29040c206a877503543081a061125343b1aa276117b3436486cd008a48810d040d14ac89a6a0d16eb2690a37541cd034020100804020100815d40efe4a02e86cee8a1008040295639be3de30c1b8470796b712ad8239037eea173fbf29e400173eb659b751bc30b957c61ed4f8f316e33c54d5e25560b47762a78afd9c6de566ebaf52755c7e5727a6c98cd47172b984652c7b9aedb4701fefd14d7ed37bf4898d910ef4ed24ecc0068b3757d35373db465a89b31317babc5b4eee536f309a9f65caefa3820ac9b58a2a827a46449fa7f24b224b595d04859d8d653922ff00f5185a5a7cd5d59e92d97db6a870f6b1ed928e5961946d924cc2febfcd66dbf71a93f55db6078862b116c750c6c961ce326fe637f9059d474995fb7430d74552017c2d06da16b491ea47ee166cadcca2ab8922a0918249a8adfc6d176dfc1c3507c149b94b2552e078be2dc39897bdf0f637350bba1711ff00df55a975dc66cdf4f76f649ede2a5f2b308e3d6b5ae73b2c58946db0bf491a397f1003c41dd76c79bf6e19f06fd3e85a79639e264d13daf8ded0e6b9a6e083b10bbede5f4ca80ba061049030a86894c140fd10ecfd101e8883d1147c90080f54361008045088106a05bac8400402a1840201005008040205cd40900818dd50d02b2cac4bd51415079c7b65f6a18770361cea6a7743538ccacbc50b9ddd881d9eff00d873f258cb2f8bae187cbbbe9f1df13f12d7635894d88e2b533d6d4ca6ee96477e83905caeefb76f948e667a995ef21ac6b1b7daf6f9f55a637ba876b50406f6966e6d35bdcacd91a96c69d43a48e4cae63c5f4cc1b729a8972a3de6160731c2dadf2b9b63fadd3e34994678f13646c6f631c62c76209ba9f05f9afa83892096d054d296308b1ec9e5c0f9b5cb371d3733dba3a4a6c26ae2cd4d4b4cf205dce7c46275fcda485375ad45976115340d6be82b045c846fed583c7aa9d2ea8656e14e7e4756185c394cd736c7c08d4268d94cf9e3cf2d0d5b2560e798c8df225bde1ea0abad9bb1475b8a61750e1fda501a49c8b09e220349e84b7ba7d404f87e93e7fb68d4b6206f4d5514877ecdf6b91d7a11e5f253e3fb5f97e9d8fb31f6d1c4bc1334546f9cd7e12d3675154b8b8463f81dbb3f4f05b96e3e9cf298e5fdcfaefd9ff1b603c6f833312c16a5afd076b0388ed223d1c3f75db1ca5f4f3e785c6ba5baded84820610308248862c87469129aa81008b0d45e8b4553a1a21d1a9a36134bb080d50ec58a7469a616d91cd0080f054340201008040200ec822a07c94508401540550d65422b97f69fc4f4dc25c23558b4d244d940c94ec7bac6490ec1a399e7e8b35ac66ebe1ee2dc7a7c5b12a8aeaba99a7a895c5ef7bbbced7c753e0b17176b9399a8969c81df7b1df89aeb0fadbf552c234e57875c3199adb10ecdf55918a17073af282c68d7a92a2c678ebe9e22431c61b6cd73773d6fd7e49aa6e32d2d6d04cebd7b1d2dcfe00c1f336babdc4fe356315360950ebc6da68c9d2c49bfd54dd5f8c67761d4d0b5af7451ccdbff00d3d3fd40dfd0a9b5d2ef07a0a595cc752e27253484fc04b011e1636ba8d4dba38e971386306a98daa8eda1634823e57fa29635bfda9f1c823a884993b58dc370f619079733f444ae769e56524cd750c514af69bfdd3ec7e57fd95d332c64adc4a9f116e49e98c3544d86760b3bc2e3554eaaa6785b039cea6796169d0b3e03e63f74997ed9b8ebd343df9ec7f65571073793f7b79157e3f713e7aeb2757ecfb89315e12c7e9b1ac1aae489ec362e66a1cd3bb5edd88239153ef6bbeb5f4fbe3843198f1ee1fa2c563664f7985b216def6b8fd1769771c329aab90aa1840d51208860225892a5d0550d008050d845dc164ece8ec868594342ca9d8b21d8b2746eb496909030a868040201008040204540903e4a2855020103596a35f11aca5c3e866adad9d9053c0c2f92479b06b46e52d59377a7c59ede78fe6e31e277d5d3be48b0e81bd95246ed2cdbeae3e2e3afc8725cfe5b77f8fc669e4c5c5ee73dad7bddd41200d774db3a60ae9a22e6b9ac909b6ba0bfd536b5a8e7c45b60d99a6d620289b6264d1432ff0088f711c9e011fd5346e24f9e99e7e01e21a416fc8ea14d55eab6e8e2c35e476b353c44f37b48b29dacf8d5b50613452483b2c5f0ed4699e6701fe959b6b523abc1b08ecda5f4f5140f78e6cab731a7c751aa936d6b5f4bc14d24b23629e9f0f95c362cab67785bae516f454d6fd20e8851b1e1f87160d47fcf3401e4435176a9a9aa8ece0c96a22d3ba3df1b26be6eb14d33b506205f23cc92c90ca06fda461c7e6d24a4952d6bb59348d229cb678cea580970f40e171e6154275446e3f7d4723651f139aed48f15969a95d485c0cb4ae12b2d72d76fe9cff50acca2658df71a945533d2d434ba27445df09e456b5b625d7b7d6df677f68f0fb85260358e8dd1b18d8d8f2f21cc24ed6d8ea6f7b8df45a975d26537e9f4235c1cd05a4107a2db92410482a1844fb48206b494c220402010308040d00804367e886c29a5db416a205434020100804020100811dd409008040c206a283a0ba8af9e7ed55c6f3d288f8629250d6e56cb5206ee27e16f90dfd42e797774efc73e336f982bea60933ba691ee948bf75a481ebffc56692ed4b5555dd2d6f69979696bfd54e8dd57ba4b901b139c7a67dfe489b4333ff0b034f4b9288c822a8781775fcc69f553a5d56c438789080fecc1f2160a6daf8b30c2c5c88b369cd82e1374f8c6cc783d4ba3ce5ad207e2319007a84f945f8558d0506291343a196dd0190eab36c6a4ca3a282ab1482160aac1e0a900583c8d7e7759b1a97fc3353d6e192031cd4f2d3c8760e95ed6fee14db5adb61982e1d56c061c35b5125be36cad37fd15f927c1a18870f1631d17b854c237d21cc7f5d967e6bf8eb4a9b842b24a96ba94d439c6e72b185a40ebbe8b3973491bc7832df4bda0e12ac94096aa095a4583a496da9f1e6b8e5cd3e9db1e0bf718f883869f4903a4f77734c63bcf85d706fcc8570e5991c9c3676e3eae08e505cd2c3505ba39ceee9f3f1fa2f4caf1e58ae783841157c2cadaff0074889efc913416b7ea16ae926df6dfb31e25c3eb30da5c29956c9e46308864ed09748d16bdc1d7e448f15d31bf4e59e377b77216dcd2081a25482a861035769a0804020610340201030804020d05a0206804020100804020102503b20480b040eca29a0d5c62ba0c2f09aac4aa438c34b0ba5786ee4345f4ba2c9bba7c2ded3b8959c4bc4b89637511be37cf2676457d18dd9adbf95972ba7a37f4f37af9ae47e279d72b4683d167496b466d458b9ce77e2036f9ad328b000db35996fbf4b21236a968aa6a08ec61b7893a2e77391d31c32abaa1e19ad9882e2f03f85ab965cf27a76c782df6bba4e0c95e4779f7f1b85caf90ef8f8cbba1e02ab710417d973be43a4f15d1507b3cab25ae697f9dcac5f21d278cbba7f67b5a45897ebbd8dd67fd437fe9a37a2f67139372e93379acfe7ad4e0c5b8df6713ecf73dfd43b50b379f26a7062daa3f6711b35ec403e02cb1796d749c58c5ed2f0443d9767231c5bfe629f9b3fd978b8ff4dda6e07a56119649a300dec3291f56acfe4cafb3e38cf4dd77050731ec76212be271bb9869e317f0b8096a39fe20e11a111f6629a32cb5ac5a2e98e794bb5cb0c6cd3e78f69fc2d51816286a29a1cd04a7ba72d81feabeaf0f27ca6abe3f3f1dc2f4a3a7a233528a88c9bb6c6565ac5cc3b3bcc1d0fa2eb6b8c9bedd3fb38e30afe1ac6e8decaa3152b2a5b20245c33c40e5a6840dc5d37a6b5b7dcfc378a438c60d4d8841972cd18716875f29e62fcd779771e4ca6ae96416912081848cd354a904e8ecc2a8680b26cd040201008008184020af5a0f7503542ba0680402010081140c201025035968d54341e3ff006a0e2cacc0f84e2c22970e92518992d92a73e56b0348397c49d2f7d2ca574c3f6f91f156b83080e6be779cc58db90d07f1137d9674dedcecb1801f99ce7137bb9ba663fb053a8356280c86d1b7c80d495cee4d4c5d270ef0b5557c81f2b0b59f9799f35e6e4e691eae3e0b97b7a4e0bc22c8dadfbbbfa2f1e5ccf6e1c1a76185f0d44d20641a2e1972bd38f13acc3b87a9da438b02e573b5d26323a3a1c169c8b08da3d126ea5ba5cd36130b6d660f92deb6c7c9650e1d18b00c6fc96e62c5c9b50e1d18fc2df92d4c19b9b2fb8c77166857e09f34db43101f084f843e74fdcd83668b25c57e55134ade8b1f15f91c90b436cad84ad0929daf2411e1758d37b79b7b5fe1aa6c4f04a8864659c1b9d8e02f65e8e1cbe393cdcd87cf17cdf84524d86e23ee9556b3496b1fb87c6e363f236b8e4be95bb9b7ce9d5d3431ba1f748a4eed8c7369e8eb7ee93b4bd3e94fb257143aa70baae1fa99497c56969c38fe1b59cdf4d3d16b8f2ef4c7363d4c9f40037175dde749112084ecc214c155367a21b3440150d0010081a1a08ba0881057ad0681a009500a8102dd01650354080402002cd21a29a0145781fdb07136b709c1f078dac9267bdd5194efa77583caf989eb95672ae984ead7caf5b298448d77debef7739fae63d6ca6d748e1f84cd5e7b6945980dade2b967969db8f1dbaac138723639afec80057933e47b30e27a270f61b144c68c8000bc5c996deee3c34ec30fa5672002f35af4c8bda2a569d437e4b16b53a5d53c2d0c16d154ab7a26e83aae98b964b3a56e97b2ed8c71cab722b73dd69966690ab3aa9e6175766aa4d2154d27b8442b0534bb619dba582ce51bc7fcb508b0d7d561b73dc55131f4c6fb006fa5d31bda59d3e5cf6a545fd998a4af8e3fba90170b1f85dbb5c3c0dac57d5e2bbc5f2b9a6b257e2d0b2ae95e1c37703e1deca4fd6eb5e93dbaff0060350ec1f8e2883dd96d3185c47f1682fe1b7cd25d65b4b378d8fb122b860b8b786f65ea78eb20d513da49b50119ed2550c6c81a061008040207aa1a2d553b1aa1a1aa0d05a0c281954240940ee804028a02a86a8100a06a2840206028bb7cbdf6ac0faae3c653b01fb8c3e078f139dfb7cd63376c3fb5e13594665ae6471c4eb34905bccbee401f21f42a2fdbaac0f0e0d60fe1000b6c179796bd9c38baca3a6688c0b6cbc3957bf1c5d0e18c01a00b5c2f3e4f46334e930e6d9a2e775c6c7695774808b1e4a695674f706dcb756466ad28ae4f8d96f173c96b134d80ebaaef238d6cb5c1ba8fd119d11901b9b852d6a41112ed549db5633b2fd56e3359984ecb51cec3d6e6eaa20fd4059ab3a6acb700ae75b8e7f88df18a37f69700822e3978a92f6d595f367b50a535156ea691e4b5eebc6e03913de1e56fd17d3e0bd3e5f3ced5348d65651bdb1b1ae2fdb901a5c7d175bd39ced69843cd15576cc69ed5d92f6d32b9bcfe4566b53aafb1b02ab15f82d156870776f0324247325a2ff5baf5e37736f0e5356c6f8443559b5209a5da4354f47b3b2a9a1644354080402010d8d50d9ea86c6a9a36af5a02014020103409034d04a892ced7413668d0080503453551f31fda66b58ef69d052363bf6786343cee4924bedf20b197b76c3d3c75ae2dc6990b4d9cfb1b0d9b9b5b7a058caf4e98cdd7654f108806b74b05e3c9f4709a8b2a67776fb6abc994ede9c56f47343100659436e763cd71b36ef3291d361d2c720023703a5f536fa2c59a6a65b7454d66b5b9ad7b6c39268f937e21a0b11a9ea9a5dac70f737b4b1e7bab8fb673f4be85ad005d7791e5b44f6d81d36d14ca358dac513439f9400b3318ddcb4de863681a68bae38c73b9564c82db0f45ad33f21914f8972327ae8a69189e6c396bd162b71af33aecb73b2c5bd378ced418dc1dbd3be3176923ba4722b8ef55d75b7ce7c799a3c6a582a08680e758ed636b11faafa7e3e5fc5f33c9c75969a782d008eae76960b470e6201d6f9743f42bd57b7925d56cd0d34631b65412f1193f7998e8d23ba5a4790bacd8b1f5ef0fc71c382d1c713323042db37a68bd58fa7932eeac110c2a241567ed2085d18550d008040d0080b2010081a0ae5a004020100a01008040209051428a6aa1a01402283b68aa3e5dfb4b508a0f69345593873a3aaa5f88ed7cd673bcf5b2c59dbb637a796540b718d307819cb438db6be5e4b9727a76e3fee8ec9cdb5ba2f2e51f422124cc872bdf9b7b0006e570b8edd665a609b192c932b6489cdfcae777c7a7359f81f90dbc518861ce3eeb4b2bafb3c801b753f1cbecfc967a6cd2f1bf125bb5123091bb4c76fdd6bf0e29f9b275bc27ed15d3c821aca7b3c9d7cfd573cb8fe3e9d70e5f97b7a5e0d8cd1d6b59246e00b8123d173ae9f4e9a1a96b9a083b6eb5f273f8b1cb31d483cafe4b3f2db52214558c6b2ef363ccab864b9e29ff006cd2c6fd676906e34eb65af9c8c5c2d9e9a953c6187d3383642e06c0bac3e1f3e9a2d4e467f1565a5e32c0ea240c6d51b9ea34f9ecb5f38cde3ca3356e2ed921fee92b0bb91bdeeb3965bea2e38ebba8d0d74ae6b7de735dc34279ae7bfdba593e9b52c82c7c96326a346621c085ceba48f9dfdbcd29a6e2d8a4633bb3b013e62fbfc97bbc5bbc6bc1e5cee34232ea7753cb9dc647d3b6326df1039b37c81fa2fa11f36d6ff07d3c03186e155ce7482595a4968d5b2ed7f275c7c9469f586151f65430c77b86b40def65e89e9e4caf6db5448269366156520151208184020103b220b228b202c80b202c82b82d010080402804020100824a34144354340228081a23c3bed598547261b86e34e71cd049d83181b7b876a4fa587cd67275c3d3e723399b8ab0d98837734171be9cc2e39fa77e3fee8efdcdca796cbcd5eff4a9736a25ab7b8b446cd9b637bff552ea44ddb5bf856034f248249448093a97104ffbf25e7e4cf4f461c7baee70da3c3e9a9fb2718cc7bd9d6b2f35cabd330c5ad8ac5800692da9a689c3503336caccb24b862e46ba5a28aa0ba230cadbdef1907f45d2656fb71f8c957fc3dc474f090d6bcb6e36bdaeb19474c6bd3787717351002c75f4f9af3dcacaebf1dc744c6be78496b41046cb525acdd6355b594d246dc8fbe53e24109fdabbdfa525418e0b8cc1ad3a9b9e693391af85aacaf14b57098b3b5c5e6eee772b739244bc56ab87081ac97b586b6481fc88d6fe0b539bfc31971493dba7c3b87aaa9a103de2591c45bba00d16fe5b73d69bf152d6525cba47bddb34139b2f8df658ca358d586178848f2e86a9ce25a2d9dc45bd36fa2c5bfb6ac9f4b176a0bb4b6c2cb3a595e13f686798f18a099ad0e2233e9aaf6f873aaf0f9b7b8e51e6a598753444fde35e1d1e5362035973e975f423e6d5df0cba3a8e2ba19226b8b1d5919000b9cafb17798054597a7d6d134318d6816002f4bc959103089a482b0bd24aa241034059034408a1008040201056dd6808040201402010081a06a285035434020610083cefed0943ef7ecd710905b3c61b92e2f67170b59633ba9baedc38dcb2f8c7c711974188d13dcdb06ced6924ea46607f55caf72bb4971ca3d52760b8dfd355e5b74fa158e58d9100ecb9aff35cee4d48a0c6b1e9e298c2c91d03458011d8bde7a5ce8d1d4ace187cbbad65c9f1f4a5c5abf1ea189951eeb1074848689c995e001724df4e9a2ebf8f1936f35f272b751b9c23c4f8ce218556d68afc064929240d9282a2958d7b99f99b6b13e9baebf824c77bd394f26dcacf7a767c45c314a1913b16a08f09aa9981d14b01fbb90750e16f91d579f937c77597a7b7c7e4c79e7f1f6e2716a1c4307a9687bcc913be0941b82b1a95abb95eabec73109aa43a391c6cc2178b9b1d57af8eef17bce0b131d08d07a2ebc3258f2f35b2b0f104518a72d6b75f00b3cdfa8df0efdd796e3d495f249218617b98dbdfa05c66323dd2b80c560c41d541a2baa9d213664147f1799fe66c17a38b1c72ea472e7cef14de554583f1b6370e3edc270c66213d4b9ce63193d5b0e72db93b8f0eabd58f8b33cb53dbe7e7e75c66efa773c3ded4b146d4494b8a503a29210ded048d2036fb5dcdb81eb65cf3f1f2c3d574e3f278f3f71e83837156178cb7b02f753d465cdd9496b91d5a45c11e217972b71eabd738f7de3dc59c346d924edb2b5c5ba0275b2cef697a5958e53d02247847b70fbfe2a8a0d49642db0e5a937fd97d1f127f17ccf32ff372b5ceec2bd81d72c2c200dce524d87feb65ec78afb765ec0a9a4978ea2ed98d7c4d2e70711f092d16f21a5c1571ee99758d7d46365dde5a905522410a90b944f661512081844340ec8a2c80b202c80b20020682ac2d0100804028040206101640d654c2a0e6886122840d00a0abe2dc3198c70dd761ef68776909c80fe61ab7ea16739f2c6c76e1cff1f24af8938df0e8e9711a0aca66e58649fe13bb5c1e011f35e5e2cfe58be8797c7f0cddd8792f6f42571cae9de769d6c06585c1bbf82f27cbb77d74a46e0d0b6a7b49834dc58671704f8aeb8e5d693e3dae2a304a1c528d90ccd7c6f8dd999244731dac7476e08e49f97535572f131cafca37b857d9c6094b5acac732a2639dae2c31b58d77321c46b6db4ba9f3c71d567fd25cbab5dc7184cec5a97dd6a0c0d8b62c1102069c8ac65cd72beddf8bc3e3e2ee4796e2f84c3ef1ee74af7ca09cce61f863f2589747263baee3d98e1cca39ec347137d171e5bb75c31f8e2f6ec15ed0ccbadc05db87a8f2734bb46bc76ae3f45cf3f7b74c26a28b19a5a79e80c32e66806e4376779f82931fb75c6df974e3683068683109ea2959139af3de6866de0355bc79755d39fc69cb3baf3be25f64b262b8b1aca6aea789ac94c91de47452464926d70353bea0f45eae3e5b2db8dd6df3797c4b66b29bd3b9f679c150f0e53577bfcacaaacaeb35c092f686006d989f889249f905bbc9f1c6fed8c7c3cb3ce5be9bf85705450fdfd231d132290ba16f36df7b0e43c365f3797796ebec6171e3e9dcd052be3a76e71adb5b298ce9e7e4b37d1c803737557ed23e75f6bd38771857bc0d9ac8da6fcceff4bafa9e375c6f97e577c8d7e19e1aade25a9a724c90df2c6e7e5b90751e9ba72f37c3a9edae0f1bf25de5e9ee7ecc78560e1fc40d35d9f9b293778200b1ea069f458f179f2cb93e393a79fe3e18f17cf07a780bea3e21a1521baa9120894c2a2482410081e880402204020103434aa1bad29a0100a0120150d03402805168288104914044345081b6d717eaa0f8e3da7e1f2c58c54d1f67f77495b63a680996fe9c97cfc65c72b1f779eccf8e65ff00658c5701877d2eb9675ac276b9c3e9fb53aec578f2ba7b31c37160fc1e37b6c4023c967e75af84638b020d9059e5a3c2e15b96fdac967a5f51d1b23686be4791d2e54923573c862ec8e2a53933136b5aeaf53d27cadf6e3a998054b8802ee76a7aaa9d3aae18706620c0dd005cf38de37a7aae07202cccbb7157979b16d4a2e336eb39c31ba6b9a7648d21dbac61d574caab26c1a3edb390584ec46feaba7e296f6d4f22fc751963c2c121c435fe3b10ba7e3fb72bcdf4db8b0ffccdbdbaa971bf69f927d36e2a7cba00001d166c66e49483bba858b08abaa04876802e6eb8bc4cf0c8e23f6ab510d692da585ae98d8684ecd1f53f25ecfc971e2923c9f8fe5cd6d7afe138353e19432370d884595ae26522f736dfc4e8b8656d7af1b31d4a3d97e1334467c56a9ef926a925e5cf3726fa0fa2ebfd2f8adcaf2d67faf7912638f063f4ef1abedbf310d214c6caa2611120a86103081a0103d101a20101ea80f540d0552d06804020100a06150d00a01402006e82480453402818547c83edaf126fff00bec468984b5befae7b85ec09cdbaf9d9dff76bee4c6ffa797fc46dc57fbaf1685cb93d3a713a5c12d99ba725e1cfdbe8613a7451c6d91834d49b2e5bedd34949096bb6d15db3a41a1e1e75d7926eae9a58cb8b69c9beb6b2b3db35cc531c92976dae8bd0e36ae70595e2b585bd752b967dbb71bd6f03b8a2049b9b2d61351c792ef26fb1c0b2c9f4c653b4a0f88298ced73f4da958d70db53cfa2f43cd18a26f6772e6dca4cb46537f6cedb116035dd5b535a3c96034f352c6a56bcf7f84ff00f171cbf4e927daa6a2cd074d172d3a3ce70dad870fe26c52b4c3248e98c5146d1b9b971d3a5805ae6cfe3846fc6e1fcb9e5a7aac66193092200f6b1f1dacedee46eb56ccb8fa7292ce49f2faab4c2206d3d0b18d1616d3c86817d6f138e71f148f8de7f35e5e7b6b75bcd7aabc50ca429f244fa30aa257544820103405d0340201008040ee82ad683402010081a0680402940a010010897340d14910c206107c3fedba1ab83da5e2ef99a74ad90edc8936fa2f99975cb76fd363acbc69afd3a7c1e515387524e3f144dbf9d93370e1bd474d849b1007aaf0671f470ae9e91c0e5bae15de56fd8108c30b9adb975b6d94551e38eced36f52b78b394e9c949297d50632f61b95e9d4d3cfeeaf786dcf156c6b87e25cb376c1ec7817fc90d0ecb787f6b872ff7370e808e6b37f40a290976437bb5671eae8ce7dac1ae06fadf95d7a6579ec4ed71bdacab3e916ea75dd16ff8391c6f6bace557191a739dc8f55c72769e9478b4e20a796426c1ad26fe8b9cf6d5f4e3f83280e2587bf162cf8abe4b123768b341fd7e6b5cf85cb527d3af87c927ca7ede8b86b1e695d7d810d0ba7163be9cfc8b30bb744d686b43472165f727534fcc5bbbb486eb4cfd9a4298e8ab261035448207aa010081a02e80ba00a0020682b168308040201008248120140d402061034020103080e5641f36fb71c383b8f7108258d85b51109a2711a83945c7d0af9dcf35c963eff8b94be3cbfa711c1d3914668dfa3a0716dba0ba997718e3baba75f4525a406fe6bc99c7d0e3bd3a1a39c69afcb92f358f44bb8b28e7cc2e796cb162e8df266848daea2a87886431d148fdf42ba6118cdc86093c4ea21532cac6e7bfc479dc85e9b36f3e3969d7709be292b1999ec70b68b9f261a76e3ca5dbd73069e9e384c6f3caf70b58e58ceabcdc98e595dc67f7880925cf0d68e7d563e51ad653d08b59cbe270232dca49bee2e57aedbb13efb95d2572b19c1beeb5b61173adbee9b598b1c9269a68b36b58e3a6b4ce16d572adb8ce37ae6c5865500e19f2e568eb72b384ed73eb15bf00c629f8168206303cbe3b9774bb89d4f5d97a2e5fc6c8cf161aca6593a8a56b43e2a66d8e539df6e5e0bb78f8ff00291e5f333fe19657efa5a2fa8f8661693da4165640b5a4a686cd11254081a2040228402010080415c1680818402010340d022a00206a01034534408040f9a01078d7da2f02a874947c434cc2e0d67612103e13725a7ea47a2f1795877328faff00d37925978eff00ddf3ee0f50fa4c62a1d2020b8f786dcd739de2d65fc73af40c3e5cec0f1a8dd79b38f6f1e4bea29b4b9df65e6ca3d78d58c329ed1bd08e4b9d74db643c0bb89b10b0d7d297887efe95cd3cc2e98fb72c9e27c4867c3c5451b9e1d4f2b8d98ebdc13bd97bb0932ede0e4cfe35adc13c53598156c50d1b669a9cb87ddc8ef87a969e5e5b2e9c9c72c73e2e7b2f4f7fe1fe2da9ab883a52ca6000b994f5f05e2bc7dbdd3926b68e2784438ee2d1d5c78b4d55550c80b2375416b19d435a34d173cf1eb51e9e0e5c67b7ad70d50ba8f0f632576692d773af75d38f1f8cd3c9e4727cf2e9bb202c7e71b1572eab38f734cd1bf336eacac5c746e75ec4a6c934c2e52b5b6b54b83237bdd6ee8dd63236f29e2eae324b50c9037eee32e04dec49e5f24e39daf25e9ea3c3b4ed6f0e5053c432c6206349e60e504aeb3b8cefe357785c21999c069b03d7a95f43c4c3ab93e67f50e5dd98b7c2f63e67b492298559340d50c79281e8a8100804028040ee80ba76bd0d14da6868aecd5572d810081840d0080ba04a0610350308b0221a00210206804186b6969eb6924a4ab8593412b72bd8f17042964b355ac72b8ddcbdbe43f6e580d2f0d7b479e8e818f652d4451cb1464dcb41b822fd2e178f3c261753d3e8e1c99724f95f6c1c3788bdd33e32459a03478af3e78f4f571e5dbb1a09c39b76af2e51edc3359c33588b9d171b1e8c694f88c77cb71a78e8b3f16ae722931ec65b042e60b1765bdc6c3d56f0c775c33e5fd3c971ef78c46b334cc018013b93603c7f65eec3523e6f2db9563a2c318d631cc69b66d9a7427a7ebf25acb39e99c70bedd2e0f54e6e292e1b2e7607c2c2d0ef33f25cb29beddf1cece9de60b2328a90b258c48f69ee806c1cdd8ebcb6b79ae7755d71b63d7b8731b8051c44cc434d9a2eddb61adf62b9fcb5d3766fb5f7bec0f7e50e045c8d3af42a5c9718c904a32820dc292b7963b660efa2d4ac58839c0f3e5709bdb37a50713d639b4c6289c0b8900ebd573caf6d63fb79be24f8649076ad21ce91afca7f130e961f5f9ade3bdc4cb5e9ecf40628a9d94f01ccdb01181d2da5975e39beb16739f1fe5974ba823ece26b39f3f35f638f0f86323f3dcdc9f933b5942db1e8c6a89ecd54482a18081a010080406a80407a2804021a08053a5dabd74408040d00804020140c20680500818d90340210d0080e5ae883e60fb4dd33dded269269333a3750b0456197673ae01e7d49e575e5e7dedeff1bbc5e5f4552fa19e4cc0e56b9c4dceda69fcd70b36f44badbb1c02bdce89ac0e70bea491a9f25e7e4c5e9e2c96188e2ae85a6363dacdbbce75bd171f83bde5d456c98b889aefbc21d6b77752e3e656be1b73bc8ae9dd2d50233169b5ec09075564918b6e4cf84e006b236b64395b9887eb71a2972ae9871fc9d5b383a92a2211d3d546c7b5d7b347d7c567797dbbde0d41857b34ae7e391e275b530c41a00cae3a96f40b572b66a318f0cdeeba9c4b85d9db451d398fb3b7664c7ae84e63bf880b9773db7971f4cd2b6ae898f9046e7071b652de43aacdf7d92ebd1c58c4b0cf10748f74753a4809bd88d37e47cd24e92e5dbabe1ec498f6ddb3673f8c5883e06cb1b92f4ebdd9dba264ba02355a8e793155ced642f01c01035fd569ceb8fc4660fa7748eee10e0e0796bb1fd573d7f274ff008a81b48cabe25c3636819259e26c9717d8dfe4bd3c137948f373e571c2d7b8d2d2d3538fb88238afbe50bece1c78e3fdb34f899f372727f7e56b602db94344a6121520aa2402a1a07aa0100804020101640aca0100a285536ae0b60ba0681840201008050081840d402010340d0345088107cf1f6ab85f1711e095ef73444696560d75195c092474d47d579b9fdc7b7c5f55e212174e19a5dae399c6daf33aaf3fa7a676b8c2b14c90189b7b8b82761becb9e58f6e98e4da7557bc4c23bbe437d3bd61758bd37bda35744fbb4c673c71dc8c83bc4f5f00b32ed74d38312a9a6cf18c2eadc47e660d7d6ebb4e395bc25dad30aafc7a76b658b0898c773a17007e4adc718f771e195f51d2c18963148448fc2eb1a5a411784903d42e763d586193a0a2c76a6a4b7b3a0ac7381caf1d83b4f2d1635fe1d6e167b6f7bd62e5f9e930fadbb7e2bc45a07cd4f85cbe92e124fe55b11e3954f8decabc2eb987773c425c0f23b2e778abcf9f8f8fb8e3ebf17349881863a6a97c4e3dc32c2e683bed753e164dbcb9e3a763c22586f2324731edd1acbfe13af3e5aedc8ae59e8c771dc4d5cd82884a41ee900e9a8ebfcd6255ca2a6a71332c75706bda16e9e06da1fa2d4bfb62cefa6b547652d144c76431ba237e445813653ed77d74ace1c88c7c5f83b5d771120716df66b5a4dd7b3c59be4dbc7e5dd7158f6e0becc7c3a636421f34a9f663754bed30ac4490010340201008040201008040203d14d0ac5b0d0081a0680ba02e8040281840d4020103081a00202e81a0f12fb5861e1fc3f84e2847f855269c9fe17b491fff00402e3cd8ee6de9f1f2d5b1f3b39fd9cf1b1c5a01bb881c85f63e6bcd7d3d9f6c8d944555959a97becd07adff00aac2ed71054457ee92eb01777f25cee2eb32749844d149118636332817077d873f15e7ce5976f4f1d96146c6f6c43dba72d56f0c9d31bf1aeab0dad632998cc8c2d680d039a5c9f4b879b0b355d161d8a5244d0258d8e3a11a8dd27262e99658df556d062148e638b1b661fca45d6bf2e2c6f7aed6d03f0d90b7244f23977f557f2f1b8e59724fb6e414f4e5e723035bd2f758cb967d38e7c9959dd57f18e174b5f83c90b9ac0e610e6bb6d42f36796dcb170581c8fa4c4cb9b9443300d6bcf7835c35d7c135b89bd55b71557987eea98969eeb5ed06e05f6f4feaa618cda6595428f3888d43cb8bc9b39a7f16daebcbc7f9a9a5df7196ae434f1d5b9c4111c6c2d37ef5c5c5ede26c3d16a6eb396a337b3568c538f5b50e6c87dc2173cbc6ad05c32807eabe878586aedf3bcecff8c8f640be9be5d308431ba22415448209206100804020100804020100804020ac5a0207740040d008040040c281a06a010081840040d0081a0e2bdb6e09263fecdf13a18185d50d6b6682dbf68c702d5329b8df1dd64f8de596f5c1ce65b3345ada588e67e4bc7717be64c4da8b49daca0340f818399b7359d2ed614d5114c5b248488d86d63bb8acd8d4aebb02ab6963627358c0d3a36f6b1fe6bcdc98bd5c59fed76208e500c66fd6dbae3bb1e9eb28d6ad96af0e8bb46eac6dceda0dff009ab32958ca58e6aaf1f9e594f664b98d26e483dd36fd97a2612479ee777d2de8b882799df72c7868683b6f627fa2c658cdb7867957a1f0b4f5d59134d3b9c584004ece017932eabd98eecede894314b0538ce733f2dcbbaa9b269ad8f5498f0f79782011616dc1ea14d9676f3c14d30c4dce8de207c8090e1721c34b5d83427aae91c6a5885449575f13c8c8e2d0d7653b906e2de176fd535a89dedb553591b2b1ac1688065da41d08b5ac7a8b80ac9f696f4d2c5eba691d14fdab5bda0199c45ace079f85c05d31c58cb2e9e8fec4707929386c62b307c73579ed0b1c2c7282434fa8d7d57d6e0e3f8e2f91e4727cf27a0aecf39856b312e48b6243aa25482a1840d10201008a2e80ba010080402010341561680804020610340201030a068008185008040c140c22844080b6a0900d8dd0d3e41f6d5c073709f189aa858e76155ef7c90496d1b2124be3f4be9e1e4b87262f5f167b79be27196d9a490e69e435037f45c63bd67a4ec9cd6b73dd8dfc5ae9a6854b1656fe1d2991cd36958d06ed01bb9e5ffd5cec6e576782d7c34ec1dbcaf74800363f4165e5e4c2df4f571e7a5ad4d632ba8f27664837bb46e571d7c6bd32fca23866154ec6179635cd1dd6b1adbdb9dfcee6cb773fdb18e2e8709c2b0811b4361ecaa584386675b30dff007faace596bdb7863bf4eef86a4a3a4a70f14f13012db16e8072d5626972dafe5a9848b8ca391d750a65d98dd74e6f8a65925a77360cae2dbf75ceb5fa8599adf664e4e9a9e38217e795e01d43243ab4dade877bdb915d755cb7182a3b1746fa98cb8360218ecc3bed6ea36f11fa2cc977a5b658d405ef63a57932764d0f89c6dab4dc3afebfa05da3955b705e1638c7188a9b364a1a4ca6a730f8869dc1e248d57abc7e2b72dd793c9e598e3a8f7b8a36c51b63600d6b458002c005f463e6261699f6685e9243692a8681840d0340ae80ba01008040202e81dd360ba02e88ab5a534020103081a01402a185030940a068a6868910209045340903436f35fb44d3d3cdc08ceda26bcfbdb002771a3af65c79ad98edeaf131996765fd3e56c52965a373e4a86f69166b365e87a1e83c57196651e8cb1b85eda6f9a395b68d84332f743799f14d33b15d893e289b0b1994b481dd3de00796cb3f1df6b72d254789ccc93bce79706ddadbec795d633c37d37867a759c352d4764d95ef2d394f743b5dee4f9af2726337a7b38f2eb6e9a0c51d4f4b13f2071cb606d73a9b9faae364dbb7cac8b438dba395dd8c04f6918758fe1d45ee7d42bf1da4cb557f51c534d261aca3637b392f7366ee6f617b788fd14f8dd69b994deda55fc46da4269bde0f759da9713a35dfb0dfe898e0c659c608b881f50f8a490c9f78d2f1603e11a6be20db5dfd16e7169caf26d92a6adb5150dcce0d690d918f06c1c6db785c7fbe49ab0ded5b53531c113e49ea3301264735d600b34163e16e6b531b6f50b9493ba870be0f8963333dd0bea69e8b563e46b800f6df4b75b6bb2de596384d5f6ce1c796777f4f75f66f855261184cb49471648daf1adee5c6d7249e6492bd5e15b9636d78ffa86331cb193f4ea57ba3e754828a1566f690553d2481aa1840d008040205750174026c240ee9b05d366820682b16c080081a0103ba068040d4dae8d40d00a06150201030a06a810083cdbed04eb70951c77f8eb07d187f9ae1e47f6bd9e17f7dffb3c019145239f04f189585b67070b8733fa2f24ba7bf29bf6e671fe1d9284bea283fc13ad88cd96de2bae396fdbcd9f1d9e9cdb5e6ee2f6f79a2f6b0198fa2dd9fa726264ae63dc01b3ee3bc4df2dc7ebad9346dd66015e23898d0d21c2f9803cba5ffdeebcbc983d5c79ba5a0aaf799a3cdb96ddb6e44ffb2bcf961a7a267b6c1a902f13a4cf624bafbdb7b7ad94b8accbb6266244f687365397476d7d4dbf4b2d4e3f4cde4f6af9b1235553db3e6f8880ed75b8dbfdf82ed8f1ea3865c9b678f107c544ca539dae638b9ad27cc9fdc79595f8f7b677d696b1d555c9465b0b1f3c65ee697917cd7b651f3d963e336eb32ba763c33c1b515d591cf8de731b356c24ee7abadfefaae7972c9358bae1c7bbbc9e9d474315353b618636b18c1c8582f3eb7dbd32c9d3a3e166e5c3deefcd29fa00beaf833fdbff00edf23fa8ddf2ebfc2d86ebd9f4f9ff006924298dae890c2a89054340d034020450080ba86c8a04a068d6a04da685ca746c02a5582e15d22b574434022d82e886804020610350345350a1030818d90081a01402a1a0f2bfb42cdff0ec26981d5d34925bc9a07eebcde4dea3dfe0ceed78954c6e0fcec16730dc2f2bdd4525437463cdd8e366dffd27c47d429b655d8ef0b53d7b1d3d37f7776536635bddbf5f05d31e4b3db967c52fa7158960d5f411f672d397303c174a01cabacce64f3dc2e2c54ee90cf231a48ccd209db2dbf9a9962b8dfa5d619595947506a49710dd069a5b2d805cb2c259a75c72b2edb15b89d4cce390160d43cdb5d85b55271e9ab9daae96ae59667b222e311d0026c7e2b9fd574c70d775cb2cadea2c309c3712ab77654b48fb00d69738585c73532cf193b5c70cabd0387fd9ed757b455d64a5ad7d896906d6b5b40bcf973c9d47a31e2fbaf4ce10e0da0c385e38defd49cd23ae7f45e7cb3b9bbe38cc63b682918c01ad6db2fd1245da55166b0b41d39ace4e98fed6fc3a3fe14cf1738fd57d6f0e7fb51f1bceff00ad56217a9e287c945a90d9567e8c6c824a8681840d008040ac802a048745e6a28b21a2b908767745f6102ba26d5f75d10140040d0081a0103081a2e8d654c22040d45081aa81008a6a2112aabc5fdbf54f698f61f480ff00854a5c7cdcefe8bc7e45ee47d1f0a6b0b5e68f8cba3365e6af6c8a9a863d929d2ec26ee6fee3c54db362f70d2658412ecc6db8e63f9abf488d440d7ddaf683ae80edf259de96c5157f0ad3cddf82e24d4837d3f457f2d8c5e1950a3e0eac9de41a93607ba038852f3e9678ff00e56f84fb3896f7a995d3179b6f6f5bfecb39791bf4d63e36a76eaf87fd9bd1d24ec9deced2700e5b8ee83c88e9d3d3c5632e6b7a6a70e32bbda2e1ea380c4442c2e66ceca2e06eb95b6b7351730d2b1a4318db785b44d22e2929c06804000735bc7166dfd334805f2b6fa05aab8ababce5690355cb275c575c367fe1117839dfaafade25ff006a3e379bff005aac82f4bc7eaa402a5480d13486103e6a868040d034090081201409340534bb22ae8d8500a28d5155cbab010340d0084011ad4344081850868a688145340d102068040200a0f9fbdaf55c759c7158e8e40f642d64371b02d1afd6ebe7f35de6fafe363ae39b73223bc77e7cfc171af4c6855d3667660b3b5b197096be090daf94f2e9e4b58d73b8f6b173736ba6bf552b53b0c8c816b05ceb722df056b1d3301b037d885cb28ef8ce9e8186d344226b8300bf82ce98cb6b28a30d03904919ad8632eff05ad30dca5872b81cb7016a466d6f104dbc16d18a62ee4a5adc8adac04eb7e6b8e4eb8aeb865d7c38b7f2c8e1fa15f53c2bbe37c8f3e6b977fb8b41baf63c3590244a980b48959016409008040ee812068040940204a04a84a6c08a0828ba575d7464d0081dd01740d1472429a12184534029434d2850308868810081841e6bed47da2c184b65c1b0599b2e227bb2ccc376d3f80eaffd3cd7979b9e63fc71f6f6f8fe2dcbf965e9e40d26420b89713a924deebc6fa4d968205edfd5045f0b4ea351c973adcf480848b11cb5ba4ba2c6d30122c06be2b56b3a6c451977f50b9d6e2c28a9ce7040b58f258c9db1aedf067931b417136eab3a632abf8181c0776fa2dc8e56b6e38b28ef595d27b6d46d1bdb55a8953711bf25518252b35a9db4aa9b76dc2e793a634617893e86a1cc7373c0e377003507a8fe4b7c1e57e1babeab9791e24e79bc7dc74f4f3473c4d961787b1db10bece19e39cde37a7c3cf0cb0cbe394d567695a7364695a1208868a102442451e680405d4d815029a02680a845341594029a362de28aac5d10d0340201030843453458100a2984408a90288140ee86909258e304c8f6b00d4971b050d39ae21e3ce1dc1839b35576d2817ece2d4ac67cb8e1375db8f833e4bd3cb78c7dab62d8b41251e130ff0066d3bc10e7b5d795c3fcdf87d3e6bc1c9e5e59753a7d0e2f0b1c2ef2eebcee304bee4926f72bcf2edebbe96d4c0b9de4ba5663780eedaca2d646016d02cd53ecafe0165431b62b5b34b1a28c9e9eab15a8bda2840cb760b9e8b15a9a74585c605aed013558cac7434c0901748e4dc6b6fbec86d9459a36b2d44a8c876e6a1181e2ea69a958276e662c64de2d2601da39aedecbcf9c768cf4b25452b8c94b26427e269d43bd16b879b3e2bfc6b1cdc3872cd6716147c490b67653e28c14a6476564e0fdd39c7607f293e3a2fadc1e7639f59755f2bc8fe9f9613e58771d0ead363a2f73e6a61c9b1206eaa1a01148a089500812077405d035408120140901eaa2aad744340d01740d008be8fc50340734535142a050340d41598ae2f1d2b5d1c39649878e8df34591e43ed578b1ee6bf08c32b27188878133ec43611cc7892365e6e7e698753dbdbe3f05cbbbe9e6f1c321ef4af7caf71bb9cf3724af999f25ceeebe9e384c66a32f6400360b0da2d6db55d3173c96942d36b9e6b752374b5483230ed70a56a361acccddb559f4d49b4430b5d62344d9a6fd08ef03b2cd58e828466b106ea2d5f61fa725639e4bca6700d165b8e4db63afa735448975bfaaa9ed124ee77f1517481d892565a41e2e2cb35a95a592d50b8e51d656568b1b59736d1aca486aa9df14d1b5f1b9b95cd70d08f15ad31f2b1d4f05d34c385a8e3ac7be570690c7bcf78b331cb73d72d97e83c6dde2c7e4fcff0099f19cf97c5bd2d33d9ab750bb58f36d8ae41b1d1454c1543ba00a04420564094079202e818280f2543500a84a682b222ad6d4200140d03421a2ec221845868a2e8a68041af535b0c0d3ae63d02829ab711a8a819187b361e439aba5d3428e2123658c8d4dd5d2ede6ded270731e3cdc4832ccac8c17741237bae1fa1f55f27cdc2e39fcbf6fafe0e732e3d7e9ccf601adbdaebc51edb1824658edbaacb0b99ae5b6eba62e756345a3436db2d6f691b65970a4ad54584e6209b744a8dea43a904058ae919fb3248397746ab76921693ab3e45449175430b801949b2255e51c2f047787cd591ced5c52c56f89db2de9cf76b7a30d6b7f7551226c364189ce3759b54afc9468ac4dd4a6d824659f982c651d254dadbecb9e9bda71d33eae68e9233de94e5bfe51ccfa05d38b8af267318e3cbcb38f1b9dfa7750c6d8e26c6c16635a034740365fa1935d47e72db6eea4375518a685afd80ba8355f4ee69eefc8a9a5db16ad3670b1514c154340202c8110a04812090413541641128120a85a0ee8040d03ba060a107340d161828a2fa5ca835ea2b218b4be67740aaabe7ac9a636be56f40ae8d359cd26e4dc94545b17d74418e2698aa8df40e3ba0d4e2cc1d989d03e94002479ed29dc761281f09f070d170f238bf2e1a77f179ff167bbe9e53514b244e7b24616b9976969dc11b85f075abaafd06e59b8d07c7a9bdb45b62b076377dcad473ada85874b7c96a534dc3dd8f469774b20d59ae1d7232a4dab6681f7236f552b58d5ec5097c61c2fb2cb4dba68edc8a87a59533dcc2072553a5bd14c34b9d52573cb15b4120237b15bdb1a6e46e0474f4552c48bfd6c9534c5bf7946921bdedba2260dfba888bd9dd58b36de343059a49d000b3a6be4e8b86e80c319ab95a4492b6cd07f0b3f99dd7d6f1383f1e3f2beebe3f9be47e4cbe33d45d6c17ade14550902363b8418a48c3b4b5c20d5922730dc5c8e85674bb630ed54530536257541ba04502e6a06104c2a1a0894090532d077441740ee8a2e81840ee8ba17456b54d7410e97ceff00ca1174d196a6a673627b369e412454590d8f324aa6d211d89000ba20c974126b6c6e8232421e083aa06c609a174137cf9f810a0e538ab007d6cee9a26345706f799b0a803f137f8ba85e1f2bc5f9df963eff00fd7d1f13cb984f867ebffc79cd4c0e825746f69696921cd22c42f99ad5d3ea4edaf23435d7e4ac66c6785a05ae2c869b9147985ed6ebe2ac2c69d5c2725c7a2d4a8c340489b752b523b5c1626cb100b31aca58b0348e69366a31b47b3b1dc80a2c6cd39b5b5d92156b48f24d8dc95a8cd5a439b22d39df696a4a8acad6dc1d16a462d163b6c15d26d3b73b5bc54b0876eef82caac304c34d448da99dbfddda6ec69ffa87aff947d57b3c6f1f77e797a78bcaf27e33e18fb74c34175f49f2c8940ae8028120481385f70a8c32411bf7b83d42964ab2b0ba99edd5ae0e1f259f8aed8dc1ecd1cd214ee02ea810081841308044228a8dca86d4b75b43ba28ba077405d0481458d5abae869b471ccffca3745693aa6a2ab4ff000d9d0269528699add6daf55746d9db1b4226cf293e039a0406960104b268811164086e82663b9076210296264adecaa6305a363fbdf91437af4a5c7f86297128fb4963748f02c276584ad1e3c9e3cf55c397c7c393dbd1c3e567c5d4f5fa79d637c238ad1b9f2d333dfa999bbe104b9a3f899b8faaf9dc9e26787aedf578fcbe3e4eaf55570c0e70ef03a0d4730bcaf5c8de6c5660e440dd36b6304cdccd2d36d16b69316bd3d04866cf1816ba6d663aaf40e14a522201ed4c7b73e5ae865a105a4f35d2e2f3fcd5f2d2341376ae763b6376d59216c449596a76d8c3ce7943412478ab3b32c7536bd68b340f05bd38ed38da4ea02b226559f40392d3126c85b31276e89f6bae858bde238d8e738fc21a2e4a9ab95d48cf58cddab7c3b06bb84b5b6b0da2074ffc8f3f20bdbc3e26bbcfff000f073799b9f1e3ff00caf0016dac17b9e005d7f240ae804020100811402a040f422c403e6a0d69a99aed63394f4e4a5c565d359ec923f8da478f259ee295d5120504820110894115154975b43ba02e8a2e83054d6c105c39d777e51ba2c9b55cf89544e4b621d9b3a8dd1a924469a0cc733b53e2aaed630b2c36558b59c0d1544837aa01cdd2ca06d659005bd5062dc9d3c11487c43cd456c46de64a33b4f2870d45c734110c7c76313bba3f03900f829ea9c1f230c728da469b11ea10974acc538761acbbe6a78aa8ff00dc6fddcc3ff21a1f55c793830e4fee8f4717959f17f6dfff008e5f13e132d39696a446794554decdc7c9df095e2cfc1bff001afa5c7fd4b1bfdf3ff0e6eb787719a77174d875406fe76373b48f36dd79b2f1f931f71edc3cae1cff00b728b1c0a88676b4c7af8ae1dedd6de9da51d1085a0b5b6beebb48f2e59ed641b7668ba385f6d7aa85b9090db79ac651d30ae7f1304122f6e965c72af5631b78341dd0e37f1bab876e7c997d2e48000b2eae090737ff002e88ba6c414b5738bc7048475b587ccae98f17265ea3967cdc787badda6c12591c1d3ca1a07e166a7e7b05e8c3c3bef2af2e7e749d611734949053332c31817dcee4f99e6bd9871e384d631e0e4e4cb92ef2acfa0f12b6c112494080281d9034020102402a040ae80ba02e815f97241825a70ed58329fa2cdc576d5170483a10a2a60a2248114540a828eeb682e81dd155d8e57fbac2c8633f7f31cadfe11cca2e336af2cd9a3d4f32ab7b65a78f6039226d610b340ab3b6c31aaa3335b6d48d5413b2056d5023a6c822ed05f994100cbfa208b7e2039a0ce34ba0934eb65064b5f640e268008ea83231994dd9717e415449dac65b2c6d91a7c2ff00441823a3a3cd9a11d8bcebf76e2dfa0534bbb5b4dc3a390e67399211ff007236b8fcf42b39618e5ee358f2e58faa7261836ec5a7fc925be8571be3617e9d71f2f927da1fd9c00b0138ff00c5a7f758be2e3fb749e665f7231cd85ba5d1b2c8df38bfaac5f0f7ff0026f1f3b5ff001ffdabe4e1412baefab977ff00b43f9ac7fa097de4ebff00c9d9eb1ffdb7a9787a1858d1da4eeb73eeb574c7c2c27db8e5e7e797d46fc585523459d087ff009de4ff0025d678fc73e9c32f2b96fdb760a6862d238e367f91802ed31c71f51c72e4cb2f75972b6faebe66eab27982059aea84824101e8a683405d0080408a015090080b20764117040d9ba0d4ae8ec7b468f359ab181aebacaa60aa025040eea6c50dd6d05d029246c513a47b806b4124f408ae263a99314c71f52f272b400c6f202fa0fa2b1d3d3a10cd2e3e6ae99db629e3d0688cedbb1054656d820c8d37413b140885111e47c1158e43b79aa221d6f550406b2dd0672416a0904136bae6dd140cbc036d90656bfa2232c6ecda1413c8d27500aa8cb1b037e12e1e4541998e78fc7f44120e7f51ba8166935f87e69d0907c97bf75001cfd3508182799ba09b4e89b12bf540c2a19280080d103080ba02e81a0102250080081a80e48184117f4560965b00541099b71b5f91f14156f1d9c85bcb9792caa6d281945449d541cf02b687741ccf18e2b96d87c2ed4eb2fec12378fed59c1f1f6d572bc13f101f21fd5532aec5d11b35a0582d32cd97258223203b2065d6dd049920bdb9941b8c176df921b45ff2e8820ed1b64189e0901042d74546da8e8833b41b28180816a1d7409f73a837409ae70d2e836e9ddaf9288dc69ba23234e8504da5036a095d02bdd017400283234e8827741205017405d01740ee8025000a0681dd0228237d504dbb200a02e8248315ef25906527928224e87c151a55b1dc661b8d42cd83598ed14693ba02e9a1cddd691a78c620cc3b0f92a5f6240b307e671d822c9baf35a8a992691f2bdc5d24aeb93d4955b753c00d689672edc4845bd02b18c9dbc2c0f75f75596bd493da1e811498ebd90398f747541a6ca8fef79335c0455f529bc62e8c93cea831b8ea8a8908224688236ef20cec174367a594427591589c6c0a2947a904a0dc845b5512b6632aa32b4a8240a090d9019b95d000a02faa00141918504dae08257405d03be88134a095d0225036940d03ba1b225041c754195a744089d77405f5412274418203794f820ce4dee820e7680fa2084a34054a2ba51d9ca4723a85953051420e64396f4cb82e36c53def11f7589df734f706dcddccfec8e926a29b0967bd624c66ec66a552dd2f7876b453e3f57034d812d78ff49fd93ed328f48c31c0c39afa955860ad16248dd0608dda205532e5a77389d46c828e8a6ed714001bf251bbe9da41dd88792ac31c8f006fe4831876a827b84113a204506488f76e5022fd2e8a835fb9bea82325b29f143619a01741bac36088cd1951595aed51120e412ba040dd03bea9a08b80500c24f3419414120e4120e40ee81dd00d36081dd00e3a201a504ae81dd022506371419633a21438a040a02475820c5466ef71419efba23193dd28a1e7b8106ad53333091bb750a51acc75c28d277507ffd9, '2894', 'Pick Street', 'Centennial', 'CO 80112', NULL, NULL, NULL, NULL),
(9, 1, 'Sam', 'Ali', 'samAli@gmail.com', '$2y$10$2rqN5TXJTmablhCDECOUo.DwN05thhPsSEGlT3qOFnFPtOSy07pVe', '02039023902', NULL, '12', 'park lane', 'London', 'e4 5GF', NULL, NULL, NULL, NULL);

--
-- Indexes for dumped tables
--

--
-- Indexes for table `admins`
--
ALTER TABLE `admins`
  ADD PRIMARY KEY (`id`),
  ADD UNIQUE KEY `admins_email_unique` (`email`);

--
-- Indexes for table `events`
--
ALTER TABLE `events`
  ADD PRIMARY KEY (`id`);

--
-- Indexes for table `event_sales`
--
ALTER TABLE `event_sales`
  ADD PRIMARY KEY (`event_id`,`user_id`),
  ADD KEY `event_sales_user_id_foreign` (`user_id`);

--
-- Indexes for table `event_seats`
--
ALTER TABLE `event_seats`
  ADD PRIMARY KEY (`event_id`,`user_id`,`seat_id`),
  ADD KEY `event_seats_user_id_foreign` (`user_id`),
  ADD KEY `event_seats_seat_id_foreign` (`seat_id`);

--
-- Indexes for table `event_tickets`
--
ALTER TABLE `event_tickets`
  ADD PRIMARY KEY (`event_id`,`user_id`,`ticket_id`),
  ADD KEY `event_tickets_user_id_foreign` (`user_id`),
  ADD KEY `event_tickets_ticket_id_foreign` (`ticket_id`);

--
-- Indexes for table `failed_jobs`
--
ALTER TABLE `failed_jobs`
  ADD PRIMARY KEY (`id`),
  ADD UNIQUE KEY `failed_jobs_uuid_unique` (`uuid`);

--
-- Indexes for table `migrations`
--
ALTER TABLE `migrations`
  ADD PRIMARY KEY (`id`);

--
-- Indexes for table `password_resets`
--
ALTER TABLE `password_resets`
  ADD KEY `password_resets_email_index` (`email`);

--
-- Indexes for table `personal_access_tokens`
--
ALTER TABLE `personal_access_tokens`
  ADD PRIMARY KEY (`id`),
  ADD UNIQUE KEY `personal_access_tokens_token_unique` (`token`),
  ADD KEY `personal_access_tokens_tokenable_type_tokenable_id_index` (`tokenable_type`,`tokenable_id`);

--
-- Indexes for table `salutations`
--
ALTER TABLE `salutations`
  ADD PRIMARY KEY (`id`),
  ADD UNIQUE KEY `salutations_title_unique` (`title`);

--
-- Indexes for table `seats`
--
ALTER TABLE `seats`
  ADD PRIMARY KEY (`id`),
  ADD UNIQUE KEY `seats_seat_type_unique` (`seat_type`);

--
-- Indexes for table `tickets`
--
ALTER TABLE `tickets`
  ADD PRIMARY KEY (`id`),
  ADD UNIQUE KEY `tickets_type_unique` (`type`);

--
-- Indexes for table `users`
--
ALTER TABLE `users`
  ADD PRIMARY KEY (`id`),
  ADD UNIQUE KEY `users_email_unique` (`email`),
  ADD KEY `users_salutation_id_foreign` (`salutation_id`);

--
-- AUTO_INCREMENT for dumped tables
--

--
-- AUTO_INCREMENT for table `admins`
--
ALTER TABLE `admins`
  MODIFY `id` bigint(20) UNSIGNED NOT NULL AUTO_INCREMENT, AUTO_INCREMENT=3;

--
-- AUTO_INCREMENT for table `events`
--
ALTER TABLE `events`
  MODIFY `id` bigint(20) UNSIGNED NOT NULL AUTO_INCREMENT, AUTO_INCREMENT=10;

--
-- AUTO_INCREMENT for table `failed_jobs`
--
ALTER TABLE `failed_jobs`
  MODIFY `id` bigint(20) UNSIGNED NOT NULL AUTO_INCREMENT;

--
-- AUTO_INCREMENT for table `migrations`
--
ALTER TABLE `migrations`
  MODIFY `id` int(10) UNSIGNED NOT NULL AUTO_INCREMENT, AUTO_INCREMENT=13;

--
-- AUTO_INCREMENT for table `personal_access_tokens`
--
ALTER TABLE `personal_access_tokens`
  MODIFY `id` bigint(20) UNSIGNED NOT NULL AUTO_INCREMENT;

--
-- AUTO_INCREMENT for table `salutations`
--
ALTER TABLE `salutations`
  MODIFY `id` bigint(20) UNSIGNED NOT NULL AUTO_INCREMENT, AUTO_INCREMENT=4;

--
-- AUTO_INCREMENT for table `seats`
--
ALTER TABLE `seats`
  MODIFY `id` bigint(20) UNSIGNED NOT NULL AUTO_INCREMENT, AUTO_INCREMENT=3;

--
-- AUTO_INCREMENT for table `tickets`
--
ALTER TABLE `tickets`
  MODIFY `id` bigint(20) UNSIGNED NOT NULL AUTO_INCREMENT, AUTO_INCREMENT=3;

--
-- AUTO_INCREMENT for table `users`
--
ALTER TABLE `users`
  MODIFY `id` bigint(20) UNSIGNED NOT NULL AUTO_INCREMENT, AUTO_INCREMENT=10;

--
-- Constraints for dumped tables
--

--
-- Constraints for table `event_sales`
--
ALTER TABLE `event_sales`
  ADD CONSTRAINT `event_sales_event_id_foreign` FOREIGN KEY (`event_id`) REFERENCES `events` (`id`) ON DELETE CASCADE ON UPDATE CASCADE,
  ADD CONSTRAINT `event_sales_user_id_foreign` FOREIGN KEY (`user_id`) REFERENCES `users` (`id`) ON DELETE CASCADE ON UPDATE CASCADE;

--
-- Constraints for table `event_seats`
--
ALTER TABLE `event_seats`
  ADD CONSTRAINT `event_seats_event_id_foreign` FOREIGN KEY (`event_id`) REFERENCES `event_sales` (`event_id`) ON DELETE CASCADE ON UPDATE CASCADE,
  ADD CONSTRAINT `event_seats_seat_id_foreign` FOREIGN KEY (`seat_id`) REFERENCES `seats` (`id`) ON DELETE CASCADE ON UPDATE CASCADE,
  ADD CONSTRAINT `event_seats_user_id_foreign` FOREIGN KEY (`user_id`) REFERENCES `users` (`id`) ON DELETE CASCADE ON UPDATE CASCADE;

--
-- Constraints for table `event_tickets`
--
ALTER TABLE `event_tickets`
  ADD CONSTRAINT `event_tickets_event_id_foreign` FOREIGN KEY (`event_id`) REFERENCES `event_sales` (`event_id`) ON DELETE CASCADE ON UPDATE CASCADE,
  ADD CONSTRAINT `event_tickets_ticket_id_foreign` FOREIGN KEY (`ticket_id`) REFERENCES `tickets` (`id`) ON DELETE CASCADE ON UPDATE CASCADE,
  ADD CONSTRAINT `event_tickets_user_id_foreign` FOREIGN KEY (`user_id`) REFERENCES `users` (`id`) ON DELETE CASCADE ON UPDATE CASCADE;

--
-- Constraints for table `users`
--
ALTER TABLE `users`
  ADD CONSTRAINT `users_salutation_id_foreign` FOREIGN KEY (`salutation_id`) REFERENCES `salutations` (`id`) ON DELETE CASCADE ON UPDATE CASCADE;
COMMIT;

/*!40101 SET CHARACTER_SET_CLIENT=@OLD_CHARACTER_SET_CLIENT */;
/*!40101 SET CHARACTER_SET_RESULTS=@OLD_CHARACTER_SET_RESULTS */;
/*!40101 SET COLLATION_CONNECTION=@OLD_COLLATION_CONNECTION */;
